Description,i#,Rank,Cost(Sci),Cost(Label),Cost Scaling,Buff per Rank,Current Buff,Max Ranks,Final Rank,Borge Buff,Purchased,Notes
+ to Meltdown Effect,1,1,1.00E+00,1,x2,+0.001,+0.001,5,FALSE,0,FALSE,
+ to Meltdown Effect,1,2,2.00E+00,2,x2,+0.001,+0.002,5,FALSE,0,FALSE,
+ to Meltdown Effect,1,3,4.00E+00,4,x2,+0.001,+0.003,5,FALSE,0,FALSE,
+ to Meltdown Effect,1,4,8.00E+00,8,x2,+0.001,+0.004,5,FALSE,0,FALSE,
+ to Meltdown Effect,1,5,1.60E+01,16,x2,+0.001,+0.005,5,TRUE,0,FALSE,
Cells Gained,2,1,3.00E+00,3,+1,x1.65,x1.65,10,FALSE,0,FALSE,
Cells Gained,2,2,4.00E+00,4,+1,x1.65,x2.72,10,FALSE,0,FALSE,
Cells Gained,2,3,5.00E+00,5,+1,x1.65,x4.49,10,FALSE,0,FALSE,
Cells Gained,2,4,6.00E+00,6,+1,x1.65,x7.41,10,FALSE,0,FALSE,
Cells Gained,2,5,7.00E+00,7,+1,x1.65,x12.23,10,FALSE,0,FALSE,
Cells Gained,2,6,8.00E+00,8,+1,x1.65,x20.18,10,FALSE,0,FALSE,
Cells Gained,2,7,9.00E+00,9,+1,x1.65,x33.30,10,FALSE,0,FALSE,
Cells Gained,2,8,1.10E+01,11,+2,x1.65,x54.94,10,FALSE,0,FALSE,
Cells Gained,2,9,1.30E+01,13,+2,x1.65,x90.65,10,FALSE,0,FALSE,
Cells Gained,2,10,1.60E+01,16,+3,x1.65,x149.57,10,TRUE,0,FALSE,
Extra Borge HP,3,1,8.00E+00,8,,+6,+6,8,FALSE,2,FALSE,
Extra Borge HP,3,2,1.00E+01,10,,+6,+12,8,FALSE,2,FALSE,
Extra Borge HP,3,3,1.30E+01,13,,+6,+18,8,FALSE,2,FALSE,
Extra Borge HP,3,4,1.60E+01,16,,+6,+24,8,FALSE,2,FALSE,
Extra Borge HP,3,5,1.90E+01,19,,+6,+30,8,FALSE,2,FALSE,
Extra Borge HP,3,6,2.40E+01,24,,+6,+36,8,FALSE,2,FALSE,
Extra Borge HP,3,7,3.00E+01,30,,+6,+42,8,FALSE,2,FALSE,
Extra Borge HP,3,8,3.70E+01,37,,+6,+48,8,TRUE,2,FALSE,
Extra Borge Crit Chance,4,1,9.00E+00,9,,+0.65%,+0.65%,6,FALSE,2,FALSE,
Extra Borge Crit Chance,4,2,1.80E+01,18,,+0.65%,+1.30%,6,FALSE,2,FALSE,
Extra Borge Crit Chance,4,3,3.30E+01,33,,+0.65%,+1.95%,6,FALSE,2,FALSE,
Extra Borge Crit Chance,4,4,6.20E+01,62,,+0.65%,+2.60%,6,FALSE,2,FALSE,
Extra Borge Crit Chance,4,5,1.18E+02,118,,+0.65%,+3.25%,6,FALSE,2,FALSE,
Extra Borge Crit Chance,4,6,2.23E+02,223,,+0.65%,+3.90%,6,TRUE,2,FALSE,
Cells Gained,5,1,2.00E+01,20,x2.3,x3,x3,3,FALSE,0,FALSE,
Cells Gained,5,2,4.60E+01,46,x2.3,x3,x9,3,FALSE,0,FALSE,
Cells Gained,5,3,1.06E+02,106,x2.3,x3,x27,3,TRUE,0,FALSE,
Ticks Per Tick-Loop Reduction,6,1,2.00E+01,20,x1.28,-80,-80,7,FALSE,0,FALSE,
Ticks Per Tick-Loop Reduction,6,2,2.60E+01,26,x1.28,-80,-160,7,FALSE,0,FALSE,
Ticks Per Tick-Loop Reduction,6,3,3.30E+01,33,x1.28,-80,-240,7,FALSE,0,FALSE,
Ticks Per Tick-Loop Reduction,6,4,4.20E+01,42,x1.28,-80,-320,7,FALSE,0,FALSE,
Ticks Per Tick-Loop Reduction,6,5,5.40E+01,54,x1.28,-80,-400,7,FALSE,0,FALSE,
Ticks Per Tick-Loop Reduction,6,6,6.90E+01,69,x1.28,-80,-480,7,FALSE,0,FALSE,
Ticks Per Tick-Loop Reduction,6,7,8.80E+01,88,x1.28,-80,-560,7,TRUE,0,FALSE,
Level Points (LP) Gained,7,1,2.20E+01,22,,+1,+1,10,FALSE,0,FALSE,
Level Points (LP) Gained,7,2,2.90E+01,29,,+1,+2,10,FALSE,0,FALSE,
Level Points (LP) Gained,7,3,3.80E+01,38,,+1,+3,10,FALSE,0,FALSE,
Level Points (LP) Gained,7,4,4.90E+01,49,,+1,+4,10,FALSE,0,FALSE,
Level Points (LP) Gained,7,5,6.30E+01,63,,+1,+5,10,FALSE,0,FALSE,
Level Points (LP) Gained,7,6,8.20E+01,82,,+1,+6,10,FALSE,0,FALSE,
Level Points (LP) Gained,7,7,1.07E+02,107,,+1,+7,10,FALSE,0,FALSE,
Level Points (LP) Gained,7,8,1.39E+02,139,,+1,+8,10,FALSE,0,FALSE,
Level Points (LP) Gained,7,9,1.80E+02,180,,+1,+9,10,FALSE,0,FALSE,
Level Points (LP) Gained,7,10,2.34E+02,234,,+1,+10,10,TRUE,0,FALSE,
Cells Gained,8,1,6.00E+01,60,x5,x5,x5,3,FALSE,0,FALSE,
Cells Gained,8,2,3.00E+02,300,x5,x5,x25,3,FALSE,0,FALSE,
Cells Gained,8,3,1.50E+03,1500,x5,x5,x125,3,TRUE,0,FALSE,
Obsidian Exchange Cost Reduction,9,1,6.50E+01,65,,/9.00,/9.00,6,FALSE,0,FALSE,
Obsidian Exchange Cost Reduction,9,2,9.50E+01,95,,/9.00,/81.00,6,FALSE,0,FALSE,
Obsidian Exchange Cost Reduction,9,3,1.37E+02,137,,/9.00,/729.00,6,FALSE,0,FALSE,
Obsidian Exchange Cost Reduction,9,4,1.99E+02,199,,/9.00,/6.56k,6,FALSE,0,FALSE,
Obsidian Exchange Cost Reduction,9,5,2.88E+02,288,,/9.00,/59.05k,6,FALSE,0,FALSE,
Obsidian Exchange Cost Reduction,9,6,4.17E+02,417,,/9.00,/531.44k,6,TRUE,0,FALSE,
Free Esoteric Cell Enhancers,10,1,6.80E+01,68,,+80,+80,9,FALSE,0,FALSE,
Free Esoteric Cell Enhancers,10,2,8.30E+01,83,,+80,+160,9,FALSE,0,FALSE,
Free Esoteric Cell Enhancers,10,3,1.02E+02,102,,+80,+240,9,FALSE,0,FALSE,
Free Esoteric Cell Enhancers,10,4,1.24E+02,124,,+80,+320,9,FALSE,0,FALSE,
Free Esoteric Cell Enhancers,10,5,1.51E+02,151,,+80,+400,9,FALSE,0,FALSE,
Free Esoteric Cell Enhancers,10,6,1.84E+02,184,,+80,+480,9,FALSE,0,FALSE,
Free Esoteric Cell Enhancers,10,7,2.25E+02,225,,+80,+560,9,FALSE,0,FALSE,
Free Esoteric Cell Enhancers,10,8,2.74E+02,274,,+80,+640,9,FALSE,0,FALSE,
Free Esoteric Cell Enhancers,10,9,3.34E+02,334,,+80,+720,9,TRUE,0,FALSE,
Extra Borge Effect Chance,11,1,7.00E+01,70,x4,+2%,+2%,3,FALSE,2,FALSE,
Extra Borge Effect Chance,11,2,2.80E+02,280,x4,+2%,+4%,3,FALSE,2,FALSE,
Extra Borge Effect Chance,11,3,1.12E+03,1120,x4,+2%,+6%,3,TRUE,2,FALSE,
Level Points (LP) Gained,12,1,3.00E+02,300,x1.42,+2,+2,5,FALSE,0,FALSE,
Level Points (LP) Gained,12,2,4.26E+02,426,x1.42,+2,+4,5,FALSE,0,FALSE,
Level Points (LP) Gained,12,3,6.05E+02,605,x1.42,+2,+6,5,FALSE,0,FALSE,
Level Points (LP) Gained,12,4,8.59E+02,859,x1.42,+2,+8,5,FALSE,0,FALSE,
Level Points (LP) Gained,12,5,1.22E+03,1220,x1.42,+2,+10,5,TRUE,0,FALSE,
Extra Borge Damage,13,1,3.10E+02,310,,+1,+1,8,FALSE,2,FALSE,
Extra Borge Damage,13,2,3.85E+02,385,,+1,+2,8,FALSE,2,FALSE,
Extra Borge Damage,13,3,4.77E+02,477,,+1,+3,8,FALSE,2,FALSE,
Extra Borge Damage,13,4,5.92E+02,592,,+1,+4,8,FALSE,2,FALSE,
Extra Borge Damage,13,5,7.33E+02,733,,+1,+5,8,FALSE,2,FALSE,
Extra Borge Damage,13,6,9.09E+02,909,,+1,+6,8,FALSE,2,FALSE,
Extra Borge Damage,13,7,1.13E+03,1127,,+1,+7,8,FALSE,2,FALSE,
Extra Borge Damage,13,8,1.40E+03,1398,,+1,+8,8,TRUE,2,FALSE,
Loot Rewards in Battle (Borge),14,1,6.00E+02,600,x1.7,x1.10,x1.1,5,FALSE,1,FALSE,"Scaling is off by a rounding error for last rank, makes no sense"
Loot Rewards in Battle (Borge),14,2,1.02E+03,1020,x1.7,x1.10,x1.21,5,FALSE,1,FALSE,
Loot Rewards in Battle (Borge),14,3,1.73E+03,1734,x1.7,x1.10,x1.33,5,FALSE,1,FALSE,
Loot Rewards in Battle (Borge),14,4,2.95E+03,2948,x1.7,x1.10,x1.46,5,FALSE,1,FALSE,
Loot Rewards in Battle (Borge),14,5,5.01E+03,5012,x1.7,x1.10,x1.61,5,TRUE,1,FALSE,
Cells Gained,15,1,6.00E+02,600,x1.08,x2.25,x2.25,7,FALSE,0,FALSE,"Scaling is off by a rounding error for a few, makes no sense"
Cells Gained,15,2,6.48E+02,648,x1.08,x2.25,x5.06,7,FALSE,0,FALSE,
Cells Gained,15,3,7.00E+02,700,x1.08,x2.25,x11.39,7,FALSE,0,FALSE,
Cells Gained,15,4,7.56E+02,756,x1.08,x2.25,x25.63,7,FALSE,0,FALSE,
Cells Gained,15,5,8.17E+02,817,x1.08,x2.25,x57.67,7,FALSE,0,FALSE,
Cells Gained,15,6,8.82E+02,882,x1.08,x2.25,x129.75,7,FALSE,0,FALSE,
Cells Gained,15,7,9.53E+02,953,x1.08,x2.25,x291.93,7,TRUE,0,FALSE,
Loop Requirement Reduction,16,1,8.00E+02,800,x2,-6,-6,6,FALSE,0,FALSE,
Loop Requirement Reduction,16,2,1.60E+03,1600,x2,-6,-12,6,FALSE,0,FALSE,
Loop Requirement Reduction,16,3,3.20E+03,3200,x2,-6,-18,6,FALSE,0,FALSE,
Loop Requirement Reduction,16,4,6.40E+03,6400,x2,-6,-24,6,FALSE,0,FALSE,
Loop Requirement Reduction,16,5,1.28E+04,12800,x2,-6,-30,6,FALSE,0,FALSE,
Loop Requirement Reduction,16,6,2.56E+04,25600,x2,-6,-36,6,TRUE,0,FALSE,
Behlium Exchange Cost Reduction,17,1,8.00E+02,800,x1.28,/10,/10,5,FALSE,0,FALSE,
Behlium Exchange Cost Reduction,17,2,1.02E+03,1024,x1.28,/10,/100,5,FALSE,0,FALSE,
Behlium Exchange Cost Reduction,17,3,1.31E+03,1311,x1.28,/10,/1000,5,FALSE,0,FALSE,
Behlium Exchange Cost Reduction,17,4,1.68E+03,1678,x1.28,/10,/10000,5,FALSE,0,FALSE,
Behlium Exchange Cost Reduction,17,5,2.15E+03,2148,x1.28,/10,/100000,5,TRUE,0,FALSE,
To Max Lv Of All Fast-Loop Modification Modules (Loop Mod),18,1,8.50E+02,850,,+1,+1,9,FALSE,0,FALSE,
To Max Lv Of All Fast-Loop Modification Modules (Loop Mod),18,2,1.45E+03,1445,,+1,+2,9,FALSE,0,FALSE,
To Max Lv Of All Fast-Loop Modification Modules (Loop Mod),18,3,2.46E+03,2457,,+1,+3,9,FALSE,0,FALSE,
To Max Lv Of All Fast-Loop Modification Modules (Loop Mod),18,4,4.18E+03,4177,,+1,+4,9,FALSE,0,FALSE,
To Max Lv Of All Fast-Loop Modification Modules (Loop Mod),18,5,7.10E+03,7100,,+1,+5,9,FALSE,0,FALSE,
To Max Lv Of All Fast-Loop Modification Modules (Loop Mod),18,6,1.21E+04,12069,,+1,+6,9,FALSE,0,FALSE,
To Max Lv Of All Fast-Loop Modification Modules (Loop Mod),18,7,2.05E+04,20517,,+1,+7,9,FALSE,0,FALSE,
To Max Lv Of All Fast-Loop Modification Modules (Loop Mod),18,8,3.49E+04,34879,,+1,+8,9,FALSE,0,FALSE,
To Max Lv Of All Fast-Loop Modification Modules (Loop Mod),18,9,5.93E+04,59294,,+1,+9,9,TRUE,0,FALSE,
MP Gained,19,1,1.02E+03,1020,,x1.22,x1.22,9,FALSE,0,FALSE,
MP Gained,19,2,1.13E+03,1133,,x1.22,x1.49,9,FALSE,0,FALSE,
MP Gained,19,3,1.26E+03,1257,,x1.22,x1.82,9,FALSE,0,FALSE,
MP Gained,19,4,1.40E+03,1395,,x1.22,x2.22,9,FALSE,0,FALSE,
MP Gained,19,5,1.55E+03,1549,,x1.22,x2.70,9,FALSE,0,FALSE,
MP Gained,19,6,1.72E+03,1719,,x1.22,x3.30,9,FALSE,0,FALSE,
MP Gained,19,7,1.91E+03,1908,,x1.22,x4.02,9,FALSE,0,FALSE,
MP Gained,19,8,2.12E+03,2118,,x1.22,x4.91,9,FALSE,0,FALSE,
MP Gained,19,9,2.35E+03,2351,,x1.22,x5.99,9,TRUE,0,FALSE,
All Gens Output,20,1,1.10E+03,1100,,x1.50,x1.50,10,FALSE,0,FALSE,
All Gens Output,20,2,1.19E+03,1188,,x1.50,x2.25,10,FALSE,0,FALSE,
All Gens Output,20,3,1.28E+03,1284,,x1.50,x3.38,10,FALSE,0,FALSE,
All Gens Output,20,4,1.39E+03,1386,,x1.50,x5.06,10,FALSE,0,FALSE,
All Gens Output,20,5,1.50E+03,1497,,x1.50,x7.59,10,FALSE,0,FALSE,
All Gens Output,20,6,1.62E+03,1617,,x1.50,x11.39,10,FALSE,0,FALSE,
All Gens Output,20,7,1.75E+03,1746,,x1.50,x17.09,10,FALSE,0,FALSE,
All Gens Output,20,8,1.89E+03,1886,,x1.50,x25.63,10,FALSE,0,FALSE,
All Gens Output,20,9,2.04E+03,2037,,x1.50,x38.44,10,FALSE,0,FALSE,
All Gens Output,20,10,2.20E+03,2199,,x1.50,x57.67,10,TRUE,0,FALSE,
+ to Meltdown Effect,21,1,3.00E+03,3000,,+0.002,+0.002,6,FALSE,0,FALSE,
+ to Meltdown Effect,21,2,5.40E+03,5400,,+0.002,+0.004,6,FALSE,0,FALSE,
+ to Meltdown Effect,21,3,9.72E+03,9720,,+0.002,+0.006,6,FALSE,0,FALSE,
+ to Meltdown Effect,21,4,1.75E+04,17496,,+0.002,+0.008,6,FALSE,0,FALSE,
+ to Meltdown Effect,21,5,3.15E+04,31493,,+0.002,+0.010,6,FALSE,0,FALSE,
+ to Meltdown Effect,21,6,5.67E+04,56688,,+0.002,+0.012,6,TRUE,0,FALSE,
Max LV to All Gen Cost Modification Modules (Loop Mods),22,1,3.10E+03,3100,,+2,+2,10,FALSE,0,FALSE,
Max LV to All Gen Cost Modification Modules (Loop Mods),22,2,4.03E+03,4030,,+2,+4,10,FALSE,0,FALSE,
Max LV to All Gen Cost Modification Modules (Loop Mods),22,3,5.24E+03,5239,,+2,+6,10,FALSE,0,FALSE,
Max LV to All Gen Cost Modification Modules (Loop Mods),22,4,6.81E+03,6811,,+2,+8,10,FALSE,0,FALSE,
Max LV to All Gen Cost Modification Modules (Loop Mods),22,5,8.85E+03,8854,,+2,+10,10,FALSE,0,FALSE,
Max LV to All Gen Cost Modification Modules (Loop Mods),22,6,1.15E+04,11511,,+2,+12,10,FALSE,0,FALSE,
Max LV to All Gen Cost Modification Modules (Loop Mods),22,7,1.50E+04,14964,,+2,+14,10,FALSE,0,FALSE,
Max LV to All Gen Cost Modification Modules (Loop Mods),22,8,1.95E+04,19453,,+2,+16,10,FALSE,0,FALSE,
Max LV to All Gen Cost Modification Modules (Loop Mods),22,9,2.53E+04,25288,,+2,+18,10,FALSE,0,FALSE,
Max LV to All Gen Cost Modification Modules (Loop Mods),22,10,3.29E+04,32874,,+2,+20,10,TRUE,0,FALSE,
Faster Borge Attack Speed,23,1,3.20E+03,3200,,-0.04,-0.04,5,FALSE,2,FALSE,
Faster Borge Attack Speed,23,2,4.48E+03,4480,,-0.04,-0.08,5,FALSE,2,FALSE,
Faster Borge Attack Speed,23,3,6.27E+03,6272,,-0.04,-0.12,5,FALSE,2,FALSE,
Faster Borge Attack Speed,23,4,8.78E+03,8781,,-0.04,-0.16,5,FALSE,2,FALSE,
Faster Borge Attack Speed,23,5,1.23E+04,12294,,-0.04,-0.20,5,TRUE,2,FALSE,
Flat Increase to Borge Damage Reduction %,24,1,3.40E+03,3400,,+0.40%,+0.40%,8,FALSE,2,FALSE,
Flat Increase to Borge Damage Reduction %,24,2,4.08E+03,4080,,+0.40%,+0.80%,8,FALSE,2,FALSE,
Flat Increase to Borge Damage Reduction %,24,3,4.90E+03,4896,,+0.40%,+1.20%,8,FALSE,2,FALSE,
Flat Increase to Borge Damage Reduction %,24,4,5.88E+03,5876,,+0.40%,+1.60%,8,FALSE,2,FALSE,
Flat Increase to Borge Damage Reduction %,24,5,7.05E+03,7051,,+0.40%,+2.00%,8,FALSE,2,FALSE,
Flat Increase to Borge Damage Reduction %,24,6,8.46E+03,8461,,+0.40%,+2.40%,8,FALSE,2,FALSE,
Flat Increase to Borge Damage Reduction %,24,7,1.02E+04,10153,,+0.40%,+2.80%,8,FALSE,2,FALSE,
Flat Increase to Borge Damage Reduction %,24,8,1.22E+04,12183,,+0.40%,+3.20%,8,TRUE,2,FALSE,
Shards Gained Per Operation,25,1,1.50E+04,15000,x5,x2,x2,3,FALSE,0,FALSE,
Shards Gained Per Operation,25,2,7.50E+04,75000,x5,x2,x4,3,FALSE,0,FALSE,
Shards Gained Per Operation,25,3,3.75E+05,375000,x5,x2,x8,3,TRUE,0,FALSE,
Loop Reset Cell Loop Requirement,26,1,2.20E+04,22000,x1.2,/100.00k,/100.00k,9,FALSE,0,FALSE,
Loop Reset Cell Loop Requirement,26,2,2.64E+04,26400,x1.2,/100.00k,/10.00b,9,FALSE,0,FALSE,
Loop Reset Cell Loop Requirement,26,3,3.17E+04,31680,x1.2,/100.00k,/999.97t,9,FALSE,0,TRUE,
Loop Reset Cell Loop Requirement,26,4,3.80E+04,38016,x1.2,/100.00k,/100.00qu,9,FALSE,0,FALSE,
Loop Reset Cell Loop Requirement,26,5,4.56E+04,45620,x1.2,/100.00k,/10.00sp,9,FALSE,0,FALSE,
Loop Reset Cell Loop Requirement,26,6,5.47E+04,54744,x1.2,/100.00k,/999.94o,9,FALSE,0,FALSE,
Loop Reset Cell Loop Requirement,26,7,6.57E+04,65692,x1.2,/100.00k,/99.99d,9,FALSE,0,FALSE,
Loop Reset Cell Loop Requirement,26,8,7.88E+04,78830,x1.2,/100.00k,/10.00e39,9,FALSE,0,FALSE,
Loop Reset Cell Loop Requirement,26,9,9.46E+04,94596,,/100.00k,/10.00e44,9,TRUE,0,FALSE,
Extra Borge HP,27,1,3.50E+04,35000,,+24,24,10,FALSE,2,FALSE,
Extra Borge HP,27,2,3.68E+04,36750,,+24,48,10,FALSE,2,FALSE,
Extra Borge HP,27,3,3.86E+04,38588,,+24,72,10,FALSE,2,FALSE,
Extra Borge HP,27,4,4.05E+04,40517,,+24,96,10,FALSE,2,FALSE,
Extra Borge HP,27,5,4.25E+04,42543,,+24,120,10,FALSE,2,FALSE,
Extra Borge HP,27,6,4.47E+04,44670,,+24,144,10,FALSE,2,FALSE,
Extra Borge HP,27,7,4.69E+04,46904,,+24,168,10,FALSE,2,FALSE,
Extra Borge HP,27,8,4.92E+04,49249,,+24,192,10,FALSE,2,FALSE,
Extra Borge HP,27,9,5.17E+04,51711,,+24,216,10,FALSE,2,FALSE,
Extra Borge HP,27,10,5.43E+04,54297,,+24,240,10,TRUE,2,FALSE,
Ticks per Tick-Loop Reduction,28,1,4.00E+04,40000,,-3333,-3333,3,FALSE,0,FALSE,
Ticks per Tick-Loop Reduction,28,2,4.00E+05,400.00k,,-3333,-6666,3,FALSE,0,FALSE,
Ticks per Tick-Loop Reduction,28,3,4.00E+06,4.00m,,-3333,-10.00k,3,TRUE,0,FALSE,
Cells Gained,29,1,5.00E+04,50000,x1.2,x3,x3.00,9,FALSE,0,FALSE,
Cells Gained,29,2,6.00E+04,60000,x1.2,x3,x9.00,9,FALSE,0,FALSE,
Cells Gained,29,3,7.20E+04,72000,x1.2,x3,x27.00,9,FALSE,0,FALSE,
Cells Gained,29,4,8.64E+04,86400,x1.2,x3,x81.00,9,FALSE,0,FALSE,
Cells Gained,29,5,1.04E+05,103.68k,x1.2,x3,x243.00,9,FALSE,0,FALSE,
Cells Gained,29,6,1.24E+05,124.42k,x1.2,x3,x729.00,9,FALSE,0,FALSE,
Cells Gained,29,7,1.49E+05,149.30k,x1.2,x3,x2.19k,9,FALSE,0,FALSE,
Cells Gained,29,8,1.79E+05,179.16k,x1.2,x3,x6.56k,9,FALSE,0,FALSE,
Cells Gained,29,9,2.15E+05,214.99k,x1.2,x3,x19.68k,9,TRUE,0,FALSE,
Free Esoteric Cell Enhancers,30,1,8.00E+04,80000,x4,+800,+800,4,FALSE,0,FALSE,
Free Esoteric Cell Enhancers,30,2,3.20E+05,320.00k,x4,+800,+1.60k,4,FALSE,0,FALSE,
Free Esoteric Cell Enhancers,30,3,1.28E+06,1.28m,x4,+800,+2.40k,4,FALSE,0,FALSE,
Free Esoteric Cell Enhancers,30,4,5.12E+06,5.12m,x4,+800,+3.20k,4,TRUE,0,FALSE,
Extra Ozzy Effect Chance,31,1,8.60E+04,86000,,+.60%,+0.6%,10,FALSE,0,FALSE,
Extra Ozzy Effect Chance,31,2,1.12E+05,111.80k,,+.60%,+1.2%,10,FALSE,0,FALSE,
Extra Ozzy Effect Chance,31,3,1.45E+05,145.34k,,+.60%,+1.8%,10,FALSE,0,FALSE,
Extra Ozzy Effect Chance,31,4,1.89E+05,188.94k,,+.60%,+2.4%,10,FALSE,0,FALSE,
Extra Ozzy Effect Chance,31,5,2.46E+05,245.63k,,+.60%,+3%,10,FALSE,0,FALSE,
Extra Ozzy Effect Chance,31,6,3.19E+05,319.31k,,+.60%,+3.6%,10,FALSE,0,FALSE,
Extra Ozzy Effect Chance,31,7,4.15E+05,415.11k,,+.60%,+4.2%,10,FALSE,0,FALSE,
Extra Ozzy Effect Chance,31,8,5.40E+05,539.64k,,+.60%,+4.8%,10,FALSE,0,FALSE,
Extra Ozzy Effect Chance,31,9,7.02E+05,701.53k,,+.60%,+5.4%,10,FALSE,0,FALSE,
Extra Ozzy Effect Chance,31,10,9.12E+05,911.99k,,+.60%,+6%,10,TRUE,0,FALSE,
Loot Rewards in Battles (Ozzy),32,1,9.00E+04,90000,x3,x1.5,x1.5,8,FALSE,0,FALSE,
Loot Rewards in Battles (Ozzy),32,2,2.70E+05,270.00k,x3,x1.5,x2.25,8,FALSE,0,FALSE,
Loot Rewards in Battles (Ozzy),32,3,8.10E+05,810.00k,x3,x1.5,x3.38,8,FALSE,0,FALSE,
Loot Rewards in Battles (Ozzy),32,4,2.43E+06,2.43m,x3,x1.5,x5.06,8,FALSE,0,FALSE,
Loot Rewards in Battles (Ozzy),32,5,7.29E+06,7.29m,x3,x1.5,x7.59,8,FALSE,0,FALSE,
Loot Rewards in Battles (Ozzy),32,6,2.19E+07,21.87m,x3,x1.5,x11.39,8,FALSE,0,FALSE,
Loot Rewards in Battles (Ozzy),32,7,6.56E+07,65.61m,x3,x1.5,x17.09,8,FALSE,0,FALSE,
Loot Rewards in Battles (Ozzy),32,8,1.97E+08,196.83m,x3,x1.5,x25.63,8,TRUE,0,FALSE,
Exp Rewards in Battle (Ozzy),33,1,9.12E+04,91200,x5,x1.75,x1.75,6,FALSE,0,FALSE,
Exp Rewards in Battle (Ozzy),33,2,4.56E+05,456.00k,x5,x1.75,x3.06,6,FALSE,0,FALSE,
Exp Rewards in Battle (Ozzy),33,3,2.28E+06,2.28m,x5,x1.75,x5.36,6,FALSE,0,FALSE,
Exp Rewards in Battle (Ozzy),33,4,1.14E+07,11.40m,x5,x1.75,x9.38,6,FALSE,0,FALSE,
Exp Rewards in Battle (Ozzy),33,5,5.70E+07,57.00m,x5,x1.75,x16.41,6,FALSE,0,FALSE,
Exp Rewards in Battle (Ozzy),33,6,2.85E+08,285.00m,x5,x1.75,x28.72,6,TRUE,0,FALSE,
Hellish Bio-matter Exchange Cost Reduction,34,1,9.25E+04,92500,,/8,/8,8,FALSE,0,FALSE,
Hellish Bio-matter Exchange Cost Reduction,34,2,1.30E+05,129.50k,,/8,/64,8,FALSE,0,FALSE,
Hellish Bio-matter Exchange Cost Reduction,34,3,1.81E+05,181.30k,,/8,/512,8,FALSE,0,FALSE,
Hellish Bio-matter Exchange Cost Reduction,34,4,2.54E+05,253.82k,,/8,/4.10k,8,FALSE,0,FALSE,
Hellish Bio-matter Exchange Cost Reduction,34,5,3.55E+05,355.35k,,/8,/32.77k,8,FALSE,0,FALSE,
Hellish Bio-matter Exchange Cost Reduction,34,6,4.97E+05,497.49k,,/8,/262.14k,8,FALSE,0,FALSE,
Hellish Bio-matter Exchange Cost Reduction,34,7,6.96E+05,696.48k,,/8,/2.10m,8,FALSE,0,FALSE,
Hellish Bio-matter Exchange Cost Reduction,34,8,9.75E+05,975.08k,,/8,/16.78m,8,TRUE,0,FALSE,
To Max Lv Of All Fast-Loop Modification Modules (Loop Mod),35,1,9.30E+04,93000,,+2,+2,6,FALSE,0,FALSE,
To Max Lv Of All Fast-Loop Modification Modules (Loop Mod),35,2,1.53E+05,153.45k,,+2,+4,6,FALSE,0,FALSE,
To Max Lv Of All Fast-Loop Modification Modules (Loop Mod),35,3,2.53E+05,253.19k,,+2,+6,6,FALSE,0,FALSE,
To Max Lv Of All Fast-Loop Modification Modules (Loop Mod),35,4,4.18E+05,417.77k,,+2,+8,6,FALSE,0,FALSE,
To Max Lv Of All Fast-Loop Modification Modules (Loop Mod),35,5,6.89E+05,689.32k,,+2,+10,6,FALSE,0,FALSE,
To Max Lv Of All Fast-Loop Modification Modules (Loop Mod),35,6,1.14E+06,1.14m,,+2,+12,6,TRUE,0,FALSE,
Faster Ozzy Attack Speed,36,1,9.35E+04,93500,,-0.03s,-0.03s,5,FALSE,0,FALSE,
Faster Ozzy Attack Speed,36,2,1.31E+05,130.90k,,-0.03s,-0.06s,5,FALSE,0,FALSE,
Faster Ozzy Attack Speed,36,3,1.83E+05,183.26k,,-0.03s,-0.09s,5,FALSE,0,FALSE,
Faster Ozzy Attack Speed,36,4,2.57E+05,256.56k,,-0.03s,-0.12s,5,FALSE,0,FALSE,
Faster Ozzy Attack Speed,36,5,3.59E+05,359.19k,,-0.03s,-0.15s,5,TRUE,0,FALSE,
Flat Increase to Ozzy Damage Reduction %,37,1,9.50E+04,95000,,+1.11%,+1.11%,7,FALSE,0,FALSE,
Flat Increase to Ozzy Damage Reduction %,37,2,1.24E+05,123.50k,,+1.11%,+2.22%,7,FALSE,0,FALSE,
Flat Increase to Ozzy Damage Reduction %,37,3,1.61E+05,160.55k,,+1.11%,+3.33%,7,FALSE,0,FALSE,
Flat Increase to Ozzy Damage Reduction %,37,4,2.09E+05,208.72k,,+1.11%,+4.44%,7,FALSE,0,FALSE,
Flat Increase to Ozzy Damage Reduction %,37,5,2.71E+05,271.33k,,+1.11%,+5.55%,7,FALSE,0,FALSE,
Flat Increase to Ozzy Damage Reduction %,37,6,3.53E+05,352.73k,,+1.11%,+6.66%,7,FALSE,0,FALSE,
Flat Increase to Ozzy Damage Reduction %,37,7,4.59E+05,458.55k,,+1.11%,+7.77%,7,TRUE,0,FALSE,
Farahyte Exchange Cost Reduction,38,1,9.54E+04,95400,,/11,/11,8,FALSE,0,FALSE,
Farahyte Exchange Cost Reduction,38,2,1.29E+05,128.79k,,/11,/121,8,FALSE,0,FALSE,
Farahyte Exchange Cost Reduction,38,3,1.74E+05,173.87k,,/11,/1.33k,8,FALSE,0,FALSE,
Farahyte Exchange Cost Reduction,38,4,2.35E+05,234.72k,,/11,/14.64k,8,FALSE,0,FALSE,
Farahyte Exchange Cost Reduction,38,5,3.17E+05,316.87k,,/11,/161.05k,8,FALSE,0,FALSE,
Farahyte Exchange Cost Reduction,38,6,4.28E+05,427.78k,,/11,/1.77m,8,FALSE,0,FALSE,
Farahyte Exchange Cost Reduction,38,7,5.78E+05,577.50k,,/11,/19.49m,8,FALSE,0,FALSE,
Farahyte Exchange Cost Reduction,38,8,7.80E+05,779.62k,,/11,/214.36m,8,TRUE,0,FALSE,
All Gens Output,39,1,9.86E+04,98600,,x2.50,x2.50,10,FALSE,0,FALSE,
All Gens Output,39,2,1.48E+05,147.90k,,x2.50,x6.25,10,FALSE,0,FALSE,
All Gens Output,39,3,2.22E+05,221.85k,,x2.50,x15.63,10,FALSE,0,FALSE,
All Gens Output,39,4,3.33E+05,332.78k,,x2.50,x39.06,10,FALSE,0,FALSE,
All Gens Output,39,5,4.99E+05,499.16k,,x2.50,x97.66,10,FALSE,0,FALSE,
All Gens Output,39,6,7.49E+05,748.74k,,x2.50,x244.14,10,FALSE,0,FALSE,
All Gens Output,39,7,1.12E+06,1.12m,,x2.50,x610.35,10,FALSE,0,FALSE,
All Gens Output,39,8,1.68E+06,1.68m,,x2.50,x1.53k,10,FALSE,0,FALSE,
All Gens Output,39,9,2.53E+06,2.53m,,x2.50,x3.81k,10,FALSE,0,FALSE,
All Gens Output,39,10,3.79E+06,3.79m,,x2.50,x9.54k,10,TRUE,0,FALSE,
Extra Ozzy Multistrike Chance,40,1,1.00E+05,100000,,+0.50%,+0.50%,10,FALSE,0,FALSE,
Extra Ozzy Multistrike Chance,40,2,1.60E+05,160.00k,,+0.50%,+1.00%,10,FALSE,0,FALSE,
Extra Ozzy Multistrike Chance,40,3,2.56E+05,256.00k,,+0.50%,+1.50%,10,FALSE,0,FALSE,
Extra Ozzy Multistrike Chance,40,4,4.10E+05,409.60k,,+0.50%,+2.00%,10,FALSE,0,FALSE,
Extra Ozzy Multistrike Chance,40,5,6.55E+05,655.36k,,+0.50%,+2.50%,10,FALSE,0,FALSE,
Extra Ozzy Multistrike Chance,40,6,1.05E+06,1.05m,,+0.50%,+3.00%,10,FALSE,0,FALSE,
Extra Ozzy Multistrike Chance,40,7,1.68E+06,1.68m,,+0.50%,+3.50%,10,FALSE,0,FALSE,
Extra Ozzy Multistrike Chance,40,8,2.68E+06,2.68m,,+0.50%,+4.00%,10,FALSE,0,FALSE,
Extra Ozzy Multistrike Chance,40,9,4.29E+06,4.29m,,+0.50%,+4.50%,10,FALSE,0,FALSE,
Extra Ozzy Multistrike Chance,40,10,6.87E+06,6.87m,,+0.50%,+5.00%,10,TRUE,0,FALSE,
Galvarium Exchange Cost Reduction,41,1,1.15E+05,115.00k,,/13,/13,8,FALSE,0,FALSE,
Galvarium Exchange Cost Reduction,41,2,1.96E+05,195.50k,,/13,/169,8,FALSE,0,FALSE,
Galvarium Exchange Cost Reduction,41,3,3.32E+05,332.35k,,/13,/2.20k,8,FALSE,0,FALSE,
Galvarium Exchange Cost Reduction,41,4,5.65E+05,565.00k,,/13,/28.56k,8,FALSE,0,FALSE,
Galvarium Exchange Cost Reduction,41,5,9.60E+05,960.49k,,/13,/371.29k,8,FALSE,0,FALSE,
Galvarium Exchange Cost Reduction,41,6,1.63E+06,1.63m,,/13,/4.83m,8,FALSE,0,FALSE,
Galvarium Exchange Cost Reduction,41,7,2.78E+06,2.78m,,/13,/62.75m,8,FALSE,0,FALSE,
Galvarium Exchange Cost Reduction,41,8,4.72E+06,4.72m,,/13,/815.73m,8,TRUE,0,FALSE,
Level Points (LP) Gained,42,1,3.65E+05,365.00k,,+2,+2,10,FALSE,0,FALSE,
Level Points (LP) Gained,42,2,6.94E+05,693.50k,,+2,+4,10,FALSE,0,FALSE,
Level Points (LP) Gained,42,3,1.32E+06,1.32m,,+2,+6,10,FALSE,0,FALSE,
Level Points (LP) Gained,42,4,2.50E+06,2.50m,,+2,+8,10,FALSE,0,FALSE,
Level Points (LP) Gained,42,5,4.76E+06,4.76m,,+2,+10,10,FALSE,0,FALSE,
Level Points (LP) Gained,42,6,9.04E+06,9.04m,,+2,+12,10,FALSE,0,FALSE,
Level Points (LP) Gained,42,7,1.72E+07,17.17m,,+2,+14,10,FALSE,0,FALSE,
Level Points (LP) Gained,42,8,3.26E+07,32.63m,,+2,+16,10,FALSE,0,FALSE,
Level Points (LP) Gained,42,9,6.20E+07,61.99m,,+2,+18,10,FALSE,0,FALSE,
Level Points (LP) Gained,42,10,1.18E+08,117.78m,,+2,+20,10,TRUE,0,FALSE,
Loop Reset Cell Loop Requirement,43,1,4.00E+05,400.00k,,/100.00k,/100.00k,3,FALSE,0,FALSE,
Loop Reset Cell Loop Requirement,43,2,1.20E+06,1.20m,,/100.00k,/10.00b,3,FALSE,0,FALSE,
Loop Reset Cell Loop Requirement,43,3,3.60E+06,3.60m,,/100.00k,/999.97t,3,TRUE,0,FALSE,
Loot Rewards in Battles (Borge),44,1,7.77E+05,777.00k,,x1.08,x1.08,10,FALSE,1,FALSE,
Loot Rewards in Battles (Borge),44,2,1.36E+06,1.36m,,x1.08,x1.17,10,FALSE,1,FALSE,
Loot Rewards in Battles (Borge),44,3,2.38E+06,2.38m,,x1.08,x1.26,10,FALSE,1,FALSE,
Loot Rewards in Battles (Borge),44,4,4.16E+06,4.16m,,x1.08,x1.36,10,FALSE,1,FALSE,
Loot Rewards in Battles (Borge),44,5,7.29E+06,7.29m,,x1.08,x1.47,10,FALSE,1,FALSE,
Loot Rewards in Battles (Borge),44,6,1.28E+07,12.75m,,x1.08,x1.59,10,FALSE,1,FALSE,
Loot Rewards in Battles (Borge),44,7,2.23E+07,22.32m,,x1.08,x1.71,10,FALSE,1,FALSE,
Loot Rewards in Battles (Borge),44,8,3.91E+07,39.06m,,x1.08,x1.85,10,FALSE,1,FALSE,
Loot Rewards in Battles (Borge),44,9,6.84E+07,68.35m,,x1.08,x2.00,10,FALSE,1,FALSE,
Loot Rewards in Battles (Borge),44,10,1.20E+08,119.61m,,x1.08,x2.16,10,TRUE,1,FALSE,
MP Gained,45,1,8.88E+05,888.00k,,x1.35,x1.35,8,FALSE,0,FALSE,
MP Gained,45,2,1.67E+06,1.67m,,x1.35,x1.82,8,FALSE,0,FALSE,
MP Gained,45,3,3.14E+06,3.14m,,x1.35,x2.46,8,FALSE,0,FALSE,
MP Gained,45,4,5.90E+06,5.90m,,x1.35,x3.32,8,FALSE,0,FALSE,
MP Gained,45,5,1.11E+07,11.09m,,x1.35,x4.48,8,FALSE,0,FALSE,
MP Gained,45,6,2.09E+07,20.85m,,x1.35,x6.05,8,FALSE,0,FALSE,
MP Gained,45,7,3.92E+07,39.21m,,x1.35,x8.17,8,FALSE,0,FALSE,
MP Gained,45,8,7.37E+07,73.71m,,x1.35,x11.03,8,TRUE,0,FALSE,
Shards Gained Per Operation,46,1,1.00E+06,1.00m,x6,x3.30,x3.30,5,FALSE,0,FALSE,
Shards Gained Per Operation,46,2,6.00E+06,6.00m,x6,x3.30,x10.89,5,FALSE,0,FALSE,
Shards Gained Per Operation,46,3,3.60E+07,36.00m,x6,x3.30,x35.94,5,FALSE,0,FALSE,
Shards Gained Per Operation,46,4,2.16E+08,216.00m,x6,x3.30,x118.59,5,FALSE,0,FALSE,
Shards Gained Per Operation,46,5,1.30E+09,1.30b,x6,x3.30,x391.35,5,TRUE,0,FALSE,
Cells Gained,47,1,2.00E+06,2.00m,,x1.00k,x1.00k,10,FALSE,0,FALSE,
Cells Gained,47,2,3.66E+06,3.66m,,x1.00k,x1.00m,10,FALSE,0,FALSE,
Cells Gained,47,3,6.70E+06,6.70m,,x1.00k,x1.00b,10,FALSE,0,FALSE,
Cells Gained,47,4,1.23E+07,12.26m,,x1.00k,x1.00t,10,FALSE,0,FALSE,
Cells Gained,47,5,2.24E+07,22.43m,,x1.00k,x1.00qa,10,FALSE,0,FALSE,
Cells Gained,47,6,4.11E+07,41.05m,,x1.00k,x1.00qu,10,FALSE,0,FALSE,
Cells Gained,47,7,7.51E+07,75.12m,,x1.00k,x1.00sx,10,FALSE,0,FALSE,
Cells Gained,47,8,1.37E+08,137.46m,,x1.00k,x1.00sp,10,FALSE,0,FALSE,
Cells Gained,47,9,2.52E+08,251.56m,,x1.00k,x1.00o,10,FALSE,0,FALSE,
Cells Gained,47,10,4.60E+08,460.35m,,x1.00k,x1.00n,10,TRUE,0,FALSE,
Free Cradle Ranks,48,1,5.00E+06,5.00m,,+1,+1,8,FALSE,0,FALSE,
Free Cradle Ranks,48,2,1.15E+07,11.50m,,+1,+2,8,FALSE,0,FALSE,
Free Cradle Ranks,48,3,2.65E+07,26.45m,,+1,+3,8,FALSE,0,FALSE,
Free Cradle Ranks,48,4,6.08E+07,60.84m,,+1,+4,8,FALSE,0,FALSE,
Free Cradle Ranks,48,5,1.40E+08,139.92m,,+1,+5,8,FALSE,0,FALSE,
Free Cradle Ranks,48,6,3.22E+08,321.82m,,+1,+6,8,FALSE,0,FALSE,
Free Cradle Ranks,48,7,7.40E+08,740.18m,,+1,+7,8,FALSE,0,FALSE,
Free Cradle Ranks,48,8,1.70E+09,1.70b,,+1,+8,8,TRUE,0,FALSE,
Free Cradle Crew,49,1,7.00E+06,7.00m,,+8,+8,10,FALSE,0,FALSE,
Free Cradle Crew,49,2,1.47E+07,14.70m,,+8,+16,10,FALSE,0,FALSE,
Free Cradle Crew,49,3,3.09E+07,30.87m,,+8,+24,10,FALSE,0,FALSE,
Free Cradle Crew,49,4,6.48E+07,64.83m,,+8,+32,10,FALSE,0,FALSE,
Free Cradle Crew,49,5,1.36E+08,136.14m,,+8,+40,10,FALSE,0,FALSE,
Free Cradle Crew,49,6,2.86E+08,285.89m,,+8,+48,10,FALSE,0,FALSE,
Free Cradle Crew,49,7,6.00E+08,600.36m,,+8,+56,10,FALSE,0,FALSE,
Free Cradle Crew,49,8,1.26E+09,1.26b,,+8,+64,10,FALSE,0,FALSE,
Free Cradle Crew,49,9,2.65E+09,2.65b,,+8,+72,10,FALSE,0,FALSE,
Free Cradle Crew,49,10,5.56E+09,5.56b,,+8,+80,10,TRUE,0,FALSE,
Free Auxesia Ranks,50,1,1.00E+07,10.00m,,+1,+1,8,FALSE,0,FALSE,
Free Auxesia Ranks,50,2,2.30E+07,23.00m,,+1,+2,8,FALSE,0,FALSE,
Free Auxesia Ranks,50,3,5.29E+07,52.90m,,+1,+3,8,FALSE,0,FALSE,
Free Auxesia Ranks,50,4,1.22E+08,121.67m,,+1,+4,8,FALSE,0,FALSE,
Free Auxesia Ranks,50,5,2.80E+08,279.84m,,+1,+5,8,FALSE,0,FALSE,
Free Auxesia Ranks,50,6,6.44E+08,643.63m,,+1,+6,8,FALSE,0,FALSE,
Free Auxesia Ranks,50,7,1.48E+09,1.48b,,+1,+7,8,FALSE,0,FALSE,
Free Auxesia Ranks,50,8,3.40E+09,3.40b,,+1,+8,8,TRUE,0,FALSE,
Free Auxesia Crew,51,1,2.00E+07,20.00m,,+8,+8,10,FALSE,0,FALSE,
Free Auxesia Crew,51,2,5.00E+07,50.00m,,+8,+16,10,FALSE,0,FALSE,
Free Auxesia Crew,51,3,1.25E+08,125.00m,,+8,+24,10,FALSE,0,FALSE,
Free Auxesia Crew,51,4,3.13E+08,312.50m,,+8,+32,10,FALSE,0,FALSE,
Free Auxesia Crew,51,5,7.81E+08,781.25m,,+8,+40,10,FALSE,0,FALSE,
Free Auxesia Crew,51,6,1.95E+09,1.95b,,+8,+48,10,FALSE,0,FALSE,
Free Auxesia Crew,51,7,4.88E+09,4.88b,,+8,+56,10,FALSE,0,FALSE,
Free Auxesia Crew,51,8,1.22E+10,12.21b,,+8,+64,10,FALSE,0,FALSE,
Free Auxesia Crew,51,9,3.05E+10,30.52b,,+8,+72,10,FALSE,0,FALSE,
Free Auxesia Crew,51,10,7.63E+10,76.29b,,+8,+80,10,TRUE,0,FALSE,
Ouroboros Points Gained,52,1,3.00E+07,30.00m,,x1.03,x1.03,8,FALSE,0,FALSE,
Ouroboros Points Gained,52,2,7.20E+07,72.00m,,x1.03,x1.06,8,FALSE,0,FALSE,
Ouroboros Points Gained,52,3,1.73E+08,172.80m,,x1.03,x1.09,8,FALSE,0,FALSE,
Ouroboros Points Gained,52,4,4.15E+08,414.72m,,x1.03,x1.13,8,FALSE,0,FALSE,
Ouroboros Points Gained,52,5,9.95E+08,995.33m,,x1.03,x1.16,8,FALSE,0,FALSE,
Ouroboros Points Gained,52,6,2.39E+09,2.39b,,x1.03,x1.19,8,FALSE,0,FALSE,
Ouroboros Points Gained,52,7,5.73E+09,5.73b,,x1.03,x1.23,8,FALSE,0,FALSE,
Ouroboros Points Gained,52,8,1.38E+10,13.76b,,x1.03,x1.27,8,TRUE,0,FALSE,
Free Zagreus Ranks,53,1,1.00E+08,100.00m,,+1,+1,8,FALSE,0,FALSE,
Free Zagreus Ranks,53,2,2.60E+08,260.00m,,+1,+2,8,FALSE,0,FALSE,
Free Zagreus Ranks,53,3,6.76E+08,676.00m,,+1,+3,8,FALSE,0,FALSE,
Free Zagreus Ranks,53,4,1.76E+09,1.76b,,+1,+4,8,FALSE,0,FALSE,
Free Zagreus Ranks,53,5,4.57E+09,4.57b,,+1,+5,8,FALSE,0,FALSE,
Free Zagreus Ranks,53,6,1.19E+10,11.88b,,+1,+6,8,FALSE,0,FALSE,
Free Zagreus Ranks,53,7,3.09E+10,30.89b,,+1,+7,8,FALSE,0,FALSE,
Free Zagreus Ranks,53,8,8.03E+10,80.32b,,+1,+8,8,TRUE,0,FALSE,
Free Zagreus Crew,54,1,2.00E+08,200.00m,,+8,+8,10,FALSE,0,FALSE,
Free Zagreus Crew,54,2,4.80E+08,480.00m,,+8,+16,10,FALSE,0,FALSE,
Free Zagreus Crew,54,3,1.15E+09,1.15b,,+8,+24,10,FALSE,0,FALSE,
Free Zagreus Crew,54,4,2.76E+09,2.76b,,+8,+32,10,FALSE,0,FALSE,
Free Zagreus Crew,54,5,6.64E+09,6.64b,,+8,+40,10,FALSE,0,FALSE,
Free Zagreus Crew,54,6,1.59E+10,15.93b,,+8,+48,10,FALSE,0,FALSE,
Free Zagreus Crew,54,7,3.82E+10,38.22b,,+8,+56,10,FALSE,0,FALSE,
Free Zagreus Crew,54,8,9.17E+10,91.73b,,+8,+64,10,FALSE,0,FALSE,
Free Zagreus Crew,54,9,2.20E+11,220.15b,,+8,+72,10,FALSE,0,FALSE,
Free Zagreus Crew,54,10,5.28E+11,528.36b,,+8,+80,10,TRUE,0,FALSE,
Free Hephaestus Ranks,55,1,3.00E+08,300.00m,,+1,+1,8,FALSE,0,FALSE,
Free Hephaestus Ranks,55,2,6.60E+08,660.00m,,+1,+2,8,FALSE,0,FALSE,
Free Hephaestus Ranks,55,3,1.45E+09,1.45b,,+1,+3,8,FALSE,0,FALSE,
Free Hephaestus Ranks,55,4,3.19E+09,3.19b,,+1,+4,8,FALSE,0,FALSE,
Free Hephaestus Ranks,55,5,7.03E+09,7.03b,,+1,+5,8,FALSE,0,FALSE,
Free Hephaestus Ranks,55,6,1.55E+10,15.46b,,+1,+6,8,FALSE,0,FALSE,
Free Hephaestus Ranks,55,7,3.40E+10,34.01b,,+1,+7,8,FALSE,0,FALSE,
Free Hephaestus Ranks,55,8,7.48E+10,74.83b,,+1,+8,8,TRUE,0,FALSE,
Free Hephaestus Crew,56,1,4.00E+08,400.00m,,+8,+8,10,FALSE,0,FALSE,
Free Hephaestus Crew,56,2,8.40E+08,840.00m,,+8,+16,10,FALSE,0,FALSE,
Free Hephaestus Crew,56,3,1.76E+09,1.76b,,+8,+24,10,FALSE,0,FALSE,
Free Hephaestus Crew,56,4,3.70E+09,3.70b,,+8,+32,10,FALSE,0,FALSE,
Free Hephaestus Crew,56,5,7.78E+09,7.78b,,+8,+40,10,FALSE,0,FALSE,
Free Hephaestus Crew,56,6,1.63E+10,16.34b,,+8,+48,10,FALSE,0,FALSE,
Free Hephaestus Crew,56,7,3.43E+10,34.31b,,+8,+56,10,FALSE,0,FALSE,
Free Hephaestus Crew,56,8,7.20E+10,72.04b,,+8,+64,10,FALSE,0,FALSE,
Free Hephaestus Crew,56,9,1.51E+11,151.29b,,+8,+72,10,FALSE,0,FALSE,
Free Hephaestus Crew,56,10,3.18E+11,317.71b,,+8,+80,10,TRUE,0,FALSE,
Loop Requirement Reduction,57,1,1.00E+09,1.00b,,^-0.05,^0.95,3,FALSE,0,FALSE,
Loop Requirement Reduction,57,2,1.00E+12,1.00t,,^-0.05,^0.90,3,FALSE,0,FALSE,
Loop Requirement Reduction,57,3,1.00E+15,1.00qa,,^-0.05,^0.85,3,TRUE,0,FALSE,
Max LV to All Personnel Headstarts (Loop Mods),58,1,2.00E+09,2.00b,x5,+5,+5,10,FALSE,0,FALSE,
Max LV to All Personnel Headstarts (Loop Mods),58,2,1.00E+10,10.00b,x5,+5,+10,10,FALSE,0,FALSE,
Max LV to All Personnel Headstarts (Loop Mods),58,3,5.00E+10,50.00b,x5,+5,+15,10,FALSE,0,FALSE,
Max LV to All Personnel Headstarts (Loop Mods),58,4,2.50E+11,250.00b,x5,+5,+20,10,FALSE,0,FALSE,
Max LV to All Personnel Headstarts (Loop Mods),58,5,1.25E+12,1.25t,x5,+5,+25,10,FALSE,0,FALSE,
Max LV to All Personnel Headstarts (Loop Mods),58,6,6.25E+12,6.25t,x5,+5,+30,10,FALSE,0,FALSE,
Max LV to All Personnel Headstarts (Loop Mods),58,7,3.13E+13,31.25t,x5,+5,+35,10,FALSE,0,FALSE,
Max LV to All Personnel Headstarts (Loop Mods),58,8,1.56E+14,156.25t,x5,+5,+40,10,FALSE,0,FALSE,
Max LV to All Personnel Headstarts (Loop Mods),58,9,7.81E+14,781.25t,x5,+5,+45,10,FALSE,0,FALSE,
Max LV to All Personnel Headstarts (Loop Mods),58,10,3.91E+15,3.91qa,x5,+5,+50,10,TRUE,0,FALSE,
Max LV to All Rank Point Transmissions (Loop Mods),59,1,3.00E+09,3.00b,x6,+5,+5,5,FALSE,0,FALSE,
Max LV to All Rank Point Transmissions (Loop Mods),59,2,1.80E+10,18.00b,x6,+5,+10,5,FALSE,0,FALSE,
Max LV to All Rank Point Transmissions (Loop Mods),59,3,1.08E+11,108.00b,x6,+5,+15,5,FALSE,0,FALSE,
Max LV to All Rank Point Transmissions (Loop Mods),59,4,6.48E+11,648.00b,x6,+5,+20,5,FALSE,0,FALSE,
Max LV to All Rank Point Transmissions (Loop Mods),59,5,3.89E+12,3.89t,x6,+5,+25,5,TRUE,0,FALSE,
Extra Borge Damage & Max HP & Loot Rewards (additive),60,1,4.00E+09,4.00b,x4,+3%,+3%,10,FALSE,2,FALSE,
Extra Borge Damage & Max HP & Loot Rewards (additive),60,2,1.60E+10,16.00b,x4,+3%,+6%,10,FALSE,2,FALSE,
Extra Borge Damage & Max HP & Loot Rewards (additive),60,3,6.40E+10,64.00b,x4,+3%,+9%,10,FALSE,2,FALSE,
Extra Borge Damage & Max HP & Loot Rewards (additive),60,4,2.56E+11,256.00b,x4,+3%,+12%,10,FALSE,2,FALSE,
Extra Borge Damage & Max HP & Loot Rewards (additive),60,5,1.02E+12,1.02t,x4,+3%,+15%,10,FALSE,2,FALSE,
Extra Borge Damage & Max HP & Loot Rewards (additive),60,6,4.10E+12,4.10t,x4,+3%,+18%,10,FALSE,2,FALSE,
Extra Borge Damage & Max HP & Loot Rewards (additive),60,7,1.64E+13,16.38t,x4,+3%,+21%,10,FALSE,2,FALSE,
Extra Borge Damage & Max HP & Loot Rewards (additive),60,8,6.55E+13,65.54t,x4,+3%,+24%,10,FALSE,2,FALSE,
Extra Borge Damage & Max HP & Loot Rewards (additive),60,9,2.62E+14,262.14t,x4,+3%,+27%,10,FALSE,2,FALSE,
Extra Borge Damage & Max HP & Loot Rewards (additive),60,10,1.05E+15,1.05qa,x4,+3%,+30%,10,TRUE,2,FALSE,
Max LV of All Spoils of War (Loop Mods),61,1,5.00E+09,5.00b,x1000,+1,+1,5,FALSE,0,FALSE,
Max LV of All Spoils of War (Loop Mods),61,2,5.00E+12,5.00t,x1000,+1,+2,5,FALSE,0,FALSE,
Max LV of All Spoils of War (Loop Mods),61,3,5.00E+15,5.00qa,x1000,+1,+3,5,FALSE,0,FALSE,
Max LV of All Spoils of War (Loop Mods),61,4,5.00E+18,5.00qu,x1000,+1,+4,5,FALSE,0,FALSE,
Max LV of All Spoils of War (Loop Mods),61,5,5.00E+21,5.00sx,x1000,+1,+5,5,TRUE,0,FALSE,
Max LV to All MP Connection Modules (Loop Mods),62,1,6.00E+09,6.00b,x3,+10,+10,9,FALSE,0,FALSE,
Max LV to All MP Connection Modules (Loop Mods),62,2,1.80E+10,18.00b,x3,+10,+20,9,FALSE,0,FALSE,
Max LV to All MP Connection Modules (Loop Mods),62,3,5.40E+10,54.00b,x3,+10,+30,9,FALSE,0,FALSE,
Max LV to All MP Connection Modules (Loop Mods),62,4,1.62E+11,162.00b,x3,+10,+40,9,FALSE,0,FALSE,
Max LV to All MP Connection Modules (Loop Mods),62,5,4.86E+11,486.00b,x3,+10,+50,9,FALSE,0,FALSE,
Max LV to All MP Connection Modules (Loop Mods),62,6,1.46E+12,1.46t,x3,+10,+60,9,FALSE,0,FALSE,
Max LV to All MP Connection Modules (Loop Mods),62,7,4.37E+12,4.37t,x3,+10,+70,9,FALSE,0,FALSE,
Max LV to All MP Connection Modules (Loop Mods),62,8,1.31E+13,13.12t,x3,+10,+80,9,FALSE,0,FALSE,
Max LV to All MP Connection Modules (Loop Mods),62,9,3.94E+13,39.37t,x3,+10,+90,9,TRUE,0,FALSE,
RP Gained,63,1,1.00E+10,10.00b,x1.8,x2.22,x2.22,7,FALSE,0,FALSE,
RP Gained,63,2,1.80E+10,18.00b,x1.8,x2.22,x4.93,7,FALSE,0,FALSE,
RP Gained,63,3,3.24E+10,32.40b,x1.8,x2.22,x10.94,7,FALSE,0,FALSE,
RP Gained,63,4,5.83E+10,58.32b,x1.8,x2.22,x24.29,7,FALSE,0,FALSE,
RP Gained,63,5,1.05E+11,104.98b,x1.8,x2.22,x53.92,7,FALSE,0,FALSE,
RP Gained,63,6,1.89E+11,188.96b,x1.8,x2.22,x119.71,7,FALSE,0,FALSE,
RP Gained,63,7,3.40E+11,340.12b,x1.8,x2.22,x265.75,7,TRUE,0,FALSE,
Free Demeter Ranks,64,1,1.00E+10,10.00b,x2.5,+1,+1,8,FALSE,0,FALSE,
Free Demeter Ranks,64,2,2.50E+10,25.00b,x2.5,+1,+2,8,FALSE,0,FALSE,
Free Demeter Ranks,64,3,6.25E+10,62.50b,x2.5,+1,+3,8,FALSE,0,FALSE,
Free Demeter Ranks,64,4,1.56E+11,156.25b,x2.5,+1,+4,8,FALSE,0,FALSE,
Free Demeter Ranks,64,5,3.91E+11,390.63b,x2.5,+1,+5,8,FALSE,0,FALSE,
Free Demeter Ranks,64,6,9.77E+11,976.56b,x2.5,+1,+6,8,FALSE,0,FALSE,
Free Demeter Ranks,64,7,2.44E+12,2.44t,x2.5,+1,+7,8,FALSE,0,FALSE,
Free Demeter Ranks,64,8,6.10E+12,6.10t,x2.5,+1,+8,8,TRUE,0,FALSE,
Free Demeter Crew,65,1,2.00E+10,20.00b,x2.3,+8,+8,10,FALSE,0,FALSE,
Free Demeter Crew,65,2,4.60E+10,46.00b,x2.3,+8,+16,10,FALSE,0,FALSE,
Free Demeter Crew,65,3,1.06E+11,105.80b,x2.3,+8,+24,10,FALSE,0,FALSE,
Free Demeter Crew,65,4,2.43E+11,243.34b,x2.3,+8,+32,10,FALSE,0,FALSE,
Free Demeter Crew,65,5,5.60E+11,559.68b,x2.3,+8,+40,10,FALSE,0,FALSE,
Free Demeter Crew,65,6,1.29E+12,1.29t,x2.3,+8,+48,10,FALSE,0,FALSE,
Free Demeter Crew,65,7,2.96E+12,2.96t,x2.3,+8,+56,10,FALSE,0,FALSE,
Free Demeter Crew,65,8,6.81E+12,6.81t,x2.3,+8,+64,10,FALSE,0,FALSE,
Free Demeter Crew,65,9,1.57E+13,15.66t,x2.3,+8,+72,10,FALSE,0,FALSE,
Free Demeter Crew,65,10,3.60E+13,36.02t,x2.3,+8,+80,10,TRUE,0,FALSE,
MP Gained,66,1,5.00E+10,50.00b,,x4.44,x4.44,10,FALSE,0,FALSE,
MP Gained,66,2,1.25E+11,125.00b,,x4.44,x19.71,10,FALSE,0,FALSE,
MP Gained,66,3,3.13E+11,312.50b,,x4.44,x87.53,10,FALSE,0,FALSE,
MP Gained,66,4,7.81E+11,781.25b,,x4.44,x388.63,10,FALSE,0,FALSE,
MP Gained,66,5,1.95E+12,1.95t,,x4.44,x1.73k,10,FALSE,0,FALSE,
MP Gained,66,6,4.88E+12,4.88t,,x4.44,x7.66k,10,FALSE,0,FALSE,
MP Gained,66,7,1.22E+13,12.21t,,x4.44,x34.02k,10,FALSE,0,FALSE,
MP Gained,66,8,3.05E+13,30.52t,,x4.44,x151.03k,10,FALSE,0,FALSE,
MP Gained,66,9,7.63E+13,76.29t,,x4.44,x670.57k,10,FALSE,0,FALSE,
MP Gained,66,10,1.91E+14,190.73t,,x4.44,x2.98m,10,TRUE,0,FALSE,
Free Koios Ranks,67,1,1.00E+11,100.00b,,+1,+1,8,FALSE,0,FALSE,
Free Koios Ranks,67,2,2.80E+11,280.00b,,+1,+2,8,FALSE,0,FALSE,
Free Koios Ranks,67,3,7.84E+11,784.00b,,+1,+3,8,FALSE,0,FALSE,
Free Koios Ranks,67,4,2.20E+12,2.20t,,+1,+4,8,FALSE,0,FALSE,
Free Koios Ranks,67,5,6.15E+12,6.15t,,+1,+5,8,FALSE,0,FALSE,
Free Koios Ranks,67,6,1.72E+13,17.21t,,+1,+6,8,FALSE,0,FALSE,
Free Koios Ranks,67,7,4.82E+13,48.19t,,+1,+7,8,FALSE,0,FALSE,
Free Koios Ranks,67,8,1.35E+14,134.93t,,+1,+8,8,TRUE,0,FALSE,
Free Koios Crew,68,1,2.00E+11,200.00b,,+8,+8,10,FALSE,0,FALSE,
Free Koios Crew,68,2,5.00E+11,500.00b,,+8,+16,10,FALSE,0,FALSE,
Free Koios Crew,68,3,1.25E+12,1.25t,,+8,+24,10,FALSE,0,FALSE,
Free Koios Crew,68,4,3.13E+12,3.13t,,+8,+32,10,FALSE,0,FALSE,
Free Koios Crew,68,5,7.81E+12,7.81t,,+8,+40,10,FALSE,0,FALSE,
Free Koios Crew,68,6,1.95E+13,19.53t,,+8,+48,10,FALSE,0,FALSE,
Free Koios Crew,68,7,4.88E+13,48.83t,,+8,+56,10,FALSE,0,FALSE,
Free Koios Crew,68,8,1.22E+14,122.07t,,+8,+64,10,FALSE,0,FALSE,
Free Koios Crew,68,9,3.05E+14,305.18t,,+8,+72,10,FALSE,0,FALSE,
Free Koios Crew,68,10,7.63E+14,7.63E+14,,+8,+80,10,TRUE,0,FALSE,
Cells Gained,69,1,5.00E+11,500.00b,x100,x5e15,5.00E+15,10,FALSE,0,FALSE,
Cells Gained,69,2,5.00E+13,50.00t,x100,x5e15,2.50E+31,10,FALSE,0,FALSE,
Cells Gained,69,3,5.00E+15,5.00qa,x100,x5e15,1.25E+47,10,FALSE,0,FALSE,
Cells Gained,69,4,5.00E+17,500.00qa,x100,x5e15,6.25E+62,10,FALSE,0,FALSE,
Cells Gained,69,5,5.00E+19,50.00qu,x100,x5e15,3.13E+78,10,FALSE,0,FALSE,
Cells Gained,69,6,5.00E+21,5.00sx,x100,x5e15,1.56E+94,10,FALSE,0,FALSE,
Cells Gained,69,7,5.00E+23,500.00sx,x100,x5e15,7.81E+109,10,FALSE,0,FALSE,
Cells Gained,69,8,5.00E+25,50.00sp,x100,x5e15,3.91E+125,10,FALSE,0,FALSE,
Cells Gained,69,9,5.00E+27,5.00o,x100,x5e15,1.95E+141,10,FALSE,0,FALSE,
Cells Gained,69,10,5.00E+29,500.00o,x100,x5e15,9.77E+156,10,TRUE,0,FALSE,
Scientists Cost Reduction,70,1,6.00E+11,600.00b,x1.04,/10.00b,/10.00b,7,FALSE,0,FALSE,
Scientists Cost Reduction,70,2,6.24E+11,624.00b,x1.04,/10.00b,/100.00qu,7,FALSE,0,FALSE,
Scientists Cost Reduction,70,3,6.49E+11,648.96b,x1.04,/10.00b,/1.00n,7,FALSE,0,FALSE,
Scientists Cost Reduction,70,4,6.75E+11,674.92b,x1.04,/10.00b,/1e40,7,FALSE,0,FALSE,
Scientists Cost Reduction,70,5,7.02E+11,701.92b,x1.04,/10.00b,/1e50,7,FALSE,0,FALSE,
Scientists Cost Reduction,70,6,7.30E+11,729.99b,x1.04,/10.00b,/1e60,7,FALSE,0,FALSE,
Scientists Cost Reduction,70,7,7.59E+11,759.19b,x1.04,/10.00b,/1e70,7,TRUE,0,FALSE,
Koios Research Equipment Bonus,71,1,3.00E+12,3.00t,x6,+.02x,+.02x,10,FALSE,0,FALSE,
Koios Research Equipment Bonus,71,2,1.80E+13,18.00t,x6,+.02x,+.04x,10,FALSE,0,FALSE,
Koios Research Equipment Bonus,71,3,1.08E+14,108.00t,x6,+.02x,+.06x,10,FALSE,0,FALSE,
Koios Research Equipment Bonus,71,4,6.48E+14,648.00t,x6,+.02x,+.08x,10,FALSE,0,FALSE,
Koios Research Equipment Bonus,71,5,3.89E+15,3.89qa,x6,+.02x,+.10x,10,FALSE,0,FALSE,
Koios Research Equipment Bonus,71,6,2.33E+16,23.33qa,x6,+.02x,+.12x,10,FALSE,0,FALSE,
Koios Research Equipment Bonus,71,7,1.40E+17,140.00qa,x6,+.02x,+.14x,10,FALSE,0,FALSE,
Koios Research Equipment Bonus,71,8,8.40E+17,839.81qa,x6,+.02x,+.16x,10,FALSE,0,FALSE,
Koios Research Equipment Bonus,71,9,5.04E+18,5.04qu,x6,+.02x,+.18x,10,FALSE,0,FALSE,
Koios Research Equipment Bonus,71,10,3.02E+19,30.23qu,x6,+.02x,+.20x,10,TRUE,0,FALSE,
Ticks per Tick-Loop Reduction,72,1,1.00E+13,10.00t,x10000,-.06,^.94,5,FALSE,0,FALSE,
Ticks per Tick-Loop Reduction,72,2,1.00E+17,100.00qa,x10000,-.06,^.88,5,FALSE,0,FALSE,
Ticks per Tick-Loop Reduction,72,3,1.00E+21,1.00sx,x10000,-.06,^.82,5,FALSE,0,FALSE,
Ticks per Tick-Loop Reduction,72,4,1.00E+25,10.00sp,x10000,-.06,^.76,5,FALSE,0,FALSE,
Ticks per Tick-Loop Reduction,72,5,1.00E+29,100.00O,x10000,-.06,^.70,5,TRUE,0,FALSE,
Level Points(LP) Gained,73,1,2.00E+13,20.00t,x3,+10,10,10,FALSE,0,FALSE,
Level Points(LP) Gained,73,2,6.00E+13,60.00t,x3,+10,20,10,FALSE,0,FALSE,
Level Points(LP) Gained,73,3,1.80E+14,180.00t,x3,+10,30,10,FALSE,0,FALSE,
Level Points(LP) Gained,73,4,5.40E+14,540.00t,x3,+10,40,10,FALSE,0,FALSE,
Level Points(LP) Gained,73,5,1.62E+15,1.62qa,x3,+10,50,10,FALSE,0,FALSE,
Level Points(LP) Gained,73,6,4.86E+15,4.86qa,x3,+10,60,10,FALSE,0,FALSE,
Level Points(LP) Gained,73,7,1.46E+16,14.58qa,x3,+10,70,10,FALSE,0,FALSE,
Level Points(LP) Gained,73,8,4.37E+16,43.74qa,x3,+10,80,10,FALSE,0,FALSE,
Level Points(LP) Gained,73,9,1.31E+17,131.22qa,x3,+10,90,10,FALSE,0,FALSE,
Level Points(LP) Gained,73,10,3.93E+17,393.66qa,x3,+10,100,10,TRUE,0,FALSE,
Loop Requirement Reduction,74,1,3.00E+13,30.00t,x3,-40,-40,8,FALSE,0,FALSE,
Loop Requirement Reduction,74,2,9.00E+13,90.00t,x3,-40,-80,8,FALSE,0,FALSE,
Loop Requirement Reduction,74,3,2.70E+14,270.00t,x3,-40,-120,8,FALSE,0,FALSE,
Loop Requirement Reduction,74,4,8.10E+14,810.00t,x3,-40,-160,8,FALSE,0,FALSE,
Loop Requirement Reduction,74,5,2.43E+15,2.43qa,x3,-40,-200,8,FALSE,0,FALSE,
Loop Requirement Reduction,74,6,7.29E+15,7.29qa,x3,-40,-240,8,FALSE,0,FALSE,
Loop Requirement Reduction,74,7,2.19E+16,21.87qa,x3,-40,-280,8,FALSE,0,FALSE,
Loop Requirement Reduction,74,8,6.57E+16,65.61qa,x3,-40,-320,8,TRUE,0,FALSE,
Max LV to All Accumulative Level Growth Modules(Loop Mods),75,1,5.00E+12,5.00t,x1000,+4,+4,10,FALSE,0,FALSE,
Max LV to All Accumulative Level Growth Modules(Loop Mods),75,2,5.00E+15,5.00qa,x1000,+4,+8,10,FALSE,0,FALSE,
Max LV to All Accumulative Level Growth Modules(Loop Mods),75,3,5.00E+18,50.00qu,x1000,+4,+12,10,FALSE,0,FALSE,
Max LV to All Accumulative Level Growth Modules(Loop Mods),75,4,5.00E+21,50.00sx,x1000,+4,+16,10,FALSE,0,FALSE,
Max LV to All Accumulative Level Growth Modules(Loop Mods),75,5,5.00E+24,5.00sp,x1000,+4,+20,10,FALSE,0,FALSE,
Max LV to All Accumulative Level Growth Modules(Loop Mods),75,6,5.00E+27,5.00o,x1000,+4,+24,10,FALSE,0,FALSE,
Max LV to All Accumulative Level Growth Modules(Loop Mods),75,7,5.00E+30,5.00n,x1000,+4,+28,10,FALSE,0,FALSE,
Max LV to All Accumulative Level Growth Modules(Loop Mods),75,8,5.00E+33,5.00d,x1000,+4,+32,10,FALSE,0,FALSE,
Max LV to All Accumulative Level Growth Modules(Loop Mods),75,9,5.00E+36,5.00E+36,x1000,+4,+36,10,FALSE,0,FALSE,
Max LV to All Accumulative Level Growth Modules(Loop Mods),75,10,5.00E+39,5.00E+39,x1000,+4,+40,10,TRUE,0,FALSE,
Max LV to All MK Gen Enhancement Modification Modules (Loop Mods),76,1,6.00E+13,60.00t,x4,+100,100,10,FALSE,0,FALSE,
Max LV to All MK Gen Enhancement Modification Modules (Loop Mods),76,2,2.40E+14,240.00t,x4,+100,200,10,FALSE,0,FALSE,
Max LV to All MK Gen Enhancement Modification Modules (Loop Mods),76,3,9.60E+14,960.00t,x4,+100,300,10,FALSE,0,FALSE,
Max LV to All MK Gen Enhancement Modification Modules (Loop Mods),76,4,3.84E+15,3.84qa,x4,+100,400,10,FALSE,0,FALSE,
Max LV to All MK Gen Enhancement Modification Modules (Loop Mods),76,5,1.54E+16,15.36qa,x4,+100,500,10,FALSE,0,FALSE,
Max LV to All MK Gen Enhancement Modification Modules (Loop Mods),76,6,6.14E+16,61.44qa,x4,+100,600,10,FALSE,0,FALSE,
Max LV to All MK Gen Enhancement Modification Modules (Loop Mods),76,7,2.46E+17,245.76qa,x4,+100,700,10,FALSE,0,FALSE,
Max LV to All MK Gen Enhancement Modification Modules (Loop Mods),76,8,9.83E+17,983.04qa,x4,+100,800,10,FALSE,0,FALSE,
Max LV to All MK Gen Enhancement Modification Modules (Loop Mods),76,9,3.93E+18,3.93qu,x4,+100,900,10,FALSE,0,FALSE,
Max LV to All MK Gen Enhancement Modification Modules (Loop Mods),76,10,1.57E+19,15.72qu,x4,+100,1000,10,TRUE,0,FALSE,
Max LV to All MK Venture Modules (Loop Mods),77,1,7.00E+13,70.00t,x5,+100,100,10,FALSE,0,FALSE,
Max LV to All MK Venture Modules (Loop Mods),77,2,3.50E+14,350.00t,x5,+100,200,10,FALSE,0,FALSE,
Max LV to All MK Venture Modules (Loop Mods),77,3,1.75E+15,1.75qa,x5,+100,300,10,FALSE,0,FALSE,
Max LV to All MK Venture Modules (Loop Mods),77,4,8.75E+15,8.75qa,x5,+100,400,10,FALSE,0,FALSE,
Max LV to All MK Venture Modules (Loop Mods),77,5,4.38E+16,43.75qa,x5,+100,500,10,FALSE,0,FALSE,
Max LV to All MK Venture Modules (Loop Mods),77,6,2.19E+17,218.75qa,x5,+100,600,10,FALSE,0,FALSE,
Max LV to All MK Venture Modules (Loop Mods),77,7,1.09E+18,1.09qu,x5,+100,700,10,FALSE,0,FALSE,
Max LV to All MK Venture Modules (Loop Mods),77,8,5.47E+18,5.47qu,x5,+100,800,10,FALSE,0,FALSE,
Max LV to All MK Venture Modules (Loop Mods),77,9,2.73E+19,27.34qu,x5,+100,900,10,FALSE,0,FALSE,
Max LV to All MK Venture Modules (Loop Mods),77,10,1.37E+20,136.72qu,x5,+100,1000,10,TRUE,0,FALSE,
Ouroboros Points Gained,78,1,1.00E+16,10.00qa,x8,x1.08,x1.08,8,FALSE,0,FALSE,
Ouroboros Points Gained,78,2,8.00E+16,80.00qa,x8,x1.08,x1.17,8,FALSE,0,FALSE,
Ouroboros Points Gained,78,3,6.40E+17,640.00qa,x8,x1.08,x1.26,8,FALSE,0,FALSE,
Ouroboros Points Gained,78,4,5.12E+18,5.12qu,x8,x1.08,x1.36,8,FALSE,0,FALSE,
Ouroboros Points Gained,78,5,4.10E+20,40.96qu,x8,x1.08,x1.47,8,FALSE,0,FALSE,
Ouroboros Points Gained,78,6,3.28E+21,327.68qu,x8,x1.08,x1.59,8,FALSE,0,FALSE,
Ouroboros Points Gained,78,7,2.62E+22,2.62sx,x8,x1.08,x1.71,8,FALSE,0,FALSE,
Ouroboros Points Gained,78,8,2.10E+23,21.00sx,x8,x1.08,x1.85,8,TRUE,0,FALSE,
Meltdown Effect,79,1,2.00E+16,20.00qa,x5,+.001,+0.001,10,FALSE,0,FALSE,
Meltdown Effect,79,2,1.00E+17,100.00qa,x5,+.001,+0.002,10,FALSE,0,FALSE,
Meltdown Effect,79,3,5.00E+17,500.00qa,x5,+.001,+0.003,10,FALSE,0,FALSE,
Meltdown Effect,79,4,2.50E+18,2.50qu,x5,+.001,+0.004,10,FALSE,0,FALSE,
Meltdown Effect,79,5,1.25E+19,12.50qu,x5,+.001,+0.005,10,FALSE,0,FALSE,
Meltdown Effect,79,6,6.25E+19,62.50qu,x5,+.001,+0.006,10,FALSE,0,FALSE,
Meltdown Effect,79,7,3.13E+20,312.50qu,x5,+.001,+0.007,10,FALSE,0,FALSE,
Meltdown Effect,79,8,1.56E+21,1.56sx,x5,+.001,+0.008,10,FALSE,0,FALSE,
Meltdown Effect,79,9,7.81E+21,7.81sx,x5,+.001,+0.009,10,FALSE,0,FALSE,
Meltdown Effect,79,10,3.91E+22,39.06sx,x5,+.001,+'0.010,10,TRUE,0,FALSE,
Loot Rewards in Battles (Borge),80,1,3.00E+16,30.00qa,x6,x1.10,x1.1,10,FALSE,1,FALSE,
Loot Rewards in Battles (Borge),80,2,1.80E+17,180.00qa,x6,x1.10,x1.21,10,FALSE,1,FALSE,
Loot Rewards in Battles (Borge),80,3,1.08E+18,1.08qu,x6,x1.10,x1.33,10,FALSE,1,FALSE,
Loot Rewards in Battles (Borge),80,4,6.48E+18,6.48qu,x6,x1.10,x1.46,10,FALSE,1,FALSE,
Loot Rewards in Battles (Borge),80,5,3.89E+19,38.88qu,x6,x1.10,x1.61,10,FALSE,1,FALSE,
Loot Rewards in Battles (Borge),80,6,2.33E+20,233.28qu,x6,x1.10,x1.77,10,FALSE,1,FALSE,
Loot Rewards in Battles (Borge),80,7,1.40E+21,1.40sx,x6,x1.10,x1.95,10,FALSE,1,FALSE,
Loot Rewards in Battles (Borge),80,8,8.39E+21,8.39sx,x6,x1.10,x2.14,10,FALSE,1,FALSE,
Loot Rewards in Battles (Borge),80,9,5.03E+22,50.38sx,x6,x1.10,x2.36,10,FALSE,1,FALSE,
Loot Rewards in Battles (Borge),80,10,3.02E+23,302.83sx,x6,x1.10,x2.59,10,TRUE,1,FALSE,
Loot Rewards in Battles (Ozzy),81,1,4.00E+16,40.00qa,x6,x1.10,x1.1,10,FALSE,0,FALSE,
Loot Rewards in Battles (Ozzy),81,2,2.40E+17,240.00qa,x6,x1.10,x1.21,10,FALSE,0,FALSE,
Loot Rewards in Battles (Ozzy),81,3,1.44E+18,1.44qu,x6,x1.10,x1.33,10,FALSE,0,FALSE,
Loot Rewards in Battles (Ozzy),81,4,8.64E+18,8.64qu,x6,x1.10,x1.46,10,FALSE,0,FALSE,
Loot Rewards in Battles (Ozzy),81,5,5.18E+19,51.84qu,x6,x1.10,x1.61,10,FALSE,0,FALSE,
Loot Rewards in Battles (Ozzy),81,6,3.11E+20,311.00qu,x6,x1.10,x1.77,10,FALSE,0,FALSE,
Loot Rewards in Battles (Ozzy),81,7,1.87E+21,1.87sx,x6,x1.10,x1.95,10,FALSE,0,FALSE,
Loot Rewards in Battles (Ozzy),81,8,1.12E+22,11.20sx,x6,x1.10,x2.14,10,FALSE,0,FALSE,
Loot Rewards in Battles (Ozzy),81,9,6.71E+22,67.10sx,x6,x1.10,x2.36,10,FALSE,0,FALSE,
Loot Rewards in Battles (Ozzy),81,10,4.03E+23,403.00sx,x6,x1.10,x2.59,10,TRUE,0,FALSE,
Obsidian Exchange Cost Reduction,82,1,5.00E+16,50.00qa,x10,/100,/1e2,10,FALSE,0,FALSE,
Obsidian Exchange Cost Reduction,82,2,5.00E+17,500.00qa,x10,/100,/1e4,10,FALSE,0,FALSE,
Obsidian Exchange Cost Reduction,82,3,5.00E+18,5.00qu,x10,/100,/1e6,10,FALSE,0,FALSE,
Obsidian Exchange Cost Reduction,82,4,5.00E+19,50.00qu,x10,/100,/1e8,10,FALSE,0,FALSE,
Obsidian Exchange Cost Reduction,82,5,5.00E+20,500.00qu,x10,/100,/1e10,10,FALSE,0,FALSE,
Obsidian Exchange Cost Reduction,82,6,5.00E+21,5.00sx,x10,/100,/1e12,10,FALSE,0,FALSE,
Obsidian Exchange Cost Reduction,82,7,5.00E+22,50.00sx,x10,/100,/1e14,10,FALSE,0,FALSE,
Obsidian Exchange Cost Reduction,82,8,5.00E+23,500.00sx,x10,/100,/1e16,10,FALSE,0,FALSE,
Obsidian Exchange Cost Reduction,82,9,5.00E+24,5.00sp,x10,/100,/1e18,10,FALSE,0,FALSE,
Obsidian Exchange Cost Reduction,82,10,5.00E+25,50.00sp,x10,/100,/1e20,10,TRUE,0,FALSE,
Max LV to All Fast-Loop Modification Modules (Loop Mods),83,1,6.00E+16,60.00qa,x5,+20,+20,10,FALSE,0,FALSE,
Max LV to All Fast-Loop Modification Modules (Loop Mods),83,2,3.00E+17,300qa,x5,+20,+40,10,FALSE,0,FALSE,
Max LV to All Fast-Loop Modification Modules (Loop Mods),83,3,1.50E+18,1.50qu,x5,+20,+60,10,FALSE,0,FALSE,
Max LV to All Fast-Loop Modification Modules (Loop Mods),83,4,7.50E+18,7.50qu,x5,+20,+80,10,FALSE,0,FALSE,
Max LV to All Fast-Loop Modification Modules (Loop Mods),83,5,3.75E+19,37.50qu,x5,+20,+100,10,FALSE,0,FALSE,
Max LV to All Fast-Loop Modification Modules (Loop Mods),83,6,1.87E+20,187.50qu,x5,+20,+120,10,FALSE,0,FALSE,
Max LV to All Fast-Loop Modification Modules (Loop Mods),83,7,9.37E+20,937.50qu,x5,+20,+140,10,FALSE,0,FALSE,
Max LV to All Fast-Loop Modification Modules (Loop Mods),83,8,4.68E+21,4.68sx,x5,+20,+160,10,FALSE,0,FALSE,
Max LV to All Fast-Loop Modification Modules (Loop Mods),83,9,2.34E+22,23.43sx,x5,+20,+180,10,FALSE,0,FALSE,
Max LV to All Fast-Loop Modification Modules (Loop Mods),83,10,1.17E+23,117.18sx,x5,+20,+200,10,TRUE,0,FALSE,
Extra Borge HP,84,1,1.00E+17,100.00qa,x4,+5%,+5%,10,FALSE,2,FALSE,
Extra Borge HP,84,2,4.00E+17,400.00qa,x4,+5%,+10%,10,FALSE,2,FALSE,
Extra Borge HP,84,3,1.60E+18,1.60qu,x4,+5%,+15%,10,FALSE,2,FALSE,
Extra Borge HP,84,4,6.40E+18,6.40qu,x4,+5%,+20%,10,FALSE,2,FALSE,
Extra Borge HP,84,5,2.56E+19,25.6qu,x4,+5%,+25%,10,FALSE,2,FALSE,
Extra Borge HP,84,6,1.02E+20,102.40qu,x4,+5%,+30%,10,FALSE,2,FALSE,
Extra Borge HP,84,7,4.09E+20,409.6qu,x4,+5%,+35%,10,FALSE,2,FALSE,
Extra Borge HP,84,8,1.63E+21,1.63sx,x4,+5%,+40%,10,FALSE,2,FALSE,
Extra Borge HP,84,9,6.55E+21,6.55sx,x4,+5%,+45%,10,FALSE,2,FALSE,
Extra Borge HP,84,10,2.61E+22,26.21sx,x4,+5%,+50%,10,TRUE,2,FALSE,
Behlium Exchange Cost Reduction,85,1,2.00E+17,200.00qa,x10,/100,/1e2,10,FALSE,0,FALSE,
Behlium Exchange Cost Reduction,85,2,2.00E+18,2.00qu,x10,/100,/1e4,10,FALSE,0,FALSE,
Behlium Exchange Cost Reduction,85,3,2.00E+19,20.00qu,x10,/100,/1e6,10,FALSE,0,FALSE,
Behlium Exchange Cost Reduction,85,4,2.00E+20,200.00qu,x10,/100,/1e8,10,FALSE,0,FALSE,
Behlium Exchange Cost Reduction,85,5,2.00E+21,2.00sx,x10,/100,/1e10,10,FALSE,0,FALSE,
Behlium Exchange Cost Reduction,85,6,2.00E+22,20.00sx,x10,/100,/1e12,10,FALSE,0,FALSE,
Behlium Exchange Cost Reduction,85,7,2.00E+23,200.00sx,x10,/100,/1e14,10,FALSE,0,FALSE,
Behlium Exchange Cost Reduction,85,8,2.00E+24,2.00sp,x10,/100,/1e16,10,FALSE,0,FALSE,
Behlium Exchange Cost Reduction,85,9,2.00E+25,20.00sp,x10,/100,/1e18,10,FALSE,0,FALSE,
Behlium Exchange Cost Reduction,85,10,2.00E+26,200.00sp,x10,/100,/1e20,10,TRUE,0,FALSE,
Flat Increase to Ozzy Damage Reduction %,86,1,3.00E+17,300.00qa,x3,+.2%,+0.2%,7,FALSE,0,FALSE,
Flat Increase to Ozzy Damage Reduction %,86,2,9.00E+17,900.00qa,x3,+.2%,+0.4%,7,FALSE,0,FALSE,
Flat Increase to Ozzy Damage Reduction %,86,3,2.70E+18,2.70qu,x3,+.2%,+0.6%,7,FALSE,0,FALSE,
Flat Increase to Ozzy Damage Reduction %,86,4,8.10E+18,8.10qu,x3,+.2%,+0.8%,7,FALSE,0,FALSE,
Flat Increase to Ozzy Damage Reduction %,86,5,2.43E+19,24.30qu,x3,+.2%,+1%,7,FALSE,0,FALSE,
Flat Increase to Ozzy Damage Reduction %,86,6,7.29E+19,72.90qu,x3,+.2%,+1.2%,7,FALSE,0,FALSE,
Flat Increase to Ozzy Damage Reduction %,86,7,2.19E+20,219.00qu,x3,+.2%,+1.4%,7,TRUE,0,FALSE,
Extra Borge Damage,87,1,4.00E+17,400.00qa,x8,x1.05,x1.05,10,FALSE,2,FALSE,
Extra Borge Damage,87,2,3.20E+18,3.20qu,x8,x1.05,x1.10,10,FALSE,2,FALSE,
Extra Borge Damage,87,3,2.56E+19,25.60qu,x8,x1.05,x1.16,10,FALSE,2,FALSE,
Extra Borge Damage,87,4,2.04E+20,204.80qu,x8,x1.05,x1.22,10,FALSE,2,FALSE,
Extra Borge Damage,87,5,1.64E+21,1.64sx,x8,x1.05,x1.28,10,FALSE,2,FALSE,
Extra Borge Damage,87,6,1.31E+22,13.12sx,x8,x1.05,x1.34,10,FALSE,2,FALSE,
Extra Borge Damage,87,7,1.05E+23,105.00sx,x8,x1.05,x1.41,10,FALSE,2,FALSE,
Extra Borge Damage,87,8,8.39E+23,839.00sx,x8,x1.05,x1.48,10,FALSE,2,FALSE,
Extra Borge Damage,87,9,6.71E+24,6.71sp,x8,x1.05,x1.55,10,FALSE,2,FALSE,
Extra Borge Damage,87,10,5.37E+25,53.70sp,x8,x1.05,x1.63,10,TRUE,2,FALSE,
Extra Borge Crit Chance,88,1,5.00E+17,500.00qa,x3,+0.4%,+0.4%,7,FALSE,2,FALSE,
Extra Borge Crit Chance,88,2,1.50E+18,1.50qu,x3,+0.4%,+0.8%,7,FALSE,2,FALSE,
Extra Borge Crit Chance,88,3,4.50E+18,4.50qu,x3,+0.4%,+1.2%,7,FALSE,2,FALSE,
Extra Borge Crit Chance,88,4,1.35E+19,13.50qu,x3,+0.4%,+1.6%,7,FALSE,2,FALSE,
Extra Borge Crit Chance,88,5,4.05E+19,40.50qu,x3,+0.4%,+2.0%,7,FALSE,2,FALSE,
Extra Borge Crit Chance,88,6,1.21E+20,121.50qu,x3,+0.4%,+2.4%,7,FALSE,2,FALSE,
Extra Borge Crit Chance,88,7,3.64E+20,364.50qu,x3,+0.4%,+2.8%,7,TRUE,2,FALSE,
Extra Borge Effect Chance,89,1,6.00E+17,600.00qa,x3,+0.2%,+0.2%,7,FALSE,2,FALSE,
Extra Borge Effect Chance,89,2,1.80E+18,1.80qu,x3,+0.2%,+0.4%,7,FALSE,2,FALSE,
Extra Borge Effect Chance,89,3,5.40E+18,5.40qu,x3,+0.2%,+0.6%,7,FALSE,2,FALSE,
Extra Borge Effect Chance,89,4,1.62E+19,16.20qu,x3,+0.2%,+0.8%,7,FALSE,2,FALSE,
Extra Borge Effect Chance,89,5,4.86E+19,48.60qu,x3,+0.2%,+1.0%,7,FALSE,2,FALSE,
Extra Borge Effect Chance,89,6,1.46E+20,146.00qu,x3,+0.2%,+1.2%,7,FALSE,2,FALSE,
Extra Borge Effect Chance,89,7,4.38E+20,438.00qu,x3,+0.2%,+1.4%,7,TRUE,2,FALSE,
Hellish Bio-Matter Exchange Cost Reduction,90,1,1.00E+18,1.00qu,x10,/100,/1e2,10,FALSE,0,FALSE,
Hellish Bio-Matter Exchange Cost Reduction,90,2,1.00E+19,10.00qu,x10,/100,/1e4,10,FALSE,0,FALSE,
Hellish Bio-Matter Exchange Cost Reduction,90,3,1.00E+20,100.00qu,x10,/100,/1e6,10,FALSE,0,FALSE,
Hellish Bio-Matter Exchange Cost Reduction,90,4,1.00E+21,1.00sx,x10,/100,/1e8,10,FALSE,0,FALSE,
Hellish Bio-Matter Exchange Cost Reduction,90,5,1.00E+22,10.00sx,x10,/100,/1e10,10,FALSE,0,FALSE,
Hellish Bio-Matter Exchange Cost Reduction,90,6,1.00E+23,100.00sx,x10,/100,/1e12,10,FALSE,0,FALSE,
Hellish Bio-Matter Exchange Cost Reduction,90,7,1.00E+24,1.00sp,x10,/100,/1e14,10,FALSE,0,FALSE,
Hellish Bio-Matter Exchange Cost Reduction,90,8,1.00E+25,10.00sp,x10,/100,/1e16,10,FALSE,0,FALSE,
Hellish Bio-Matter Exchange Cost Reduction,90,9,1.00E+26,100.00sp,x10,/100,/1e18,10,FALSE,0,FALSE,
Hellish Bio-Matter Exchange Cost Reduction,90,10,1.00E+27,1.00O,x10,/100,/1e20,10,TRUE,0,FALSE,
Flat Increase to Borge Damage Reduction %,91,1,2.00E+18,2.00qu,x3,+0.2%,+0.2%,7,FALSE,2,FALSE,
Flat Increase to Borge Damage Reduction %,91,2,6.00E+18,6.00qu,x3,+0.2%,+0.4%,7,FALSE,2,FALSE,
Flat Increase to Borge Damage Reduction %,91,3,1.80E+19,18.00qu,x3,+0.2%,+0.6%,7,FALSE,2,FALSE,
Flat Increase to Borge Damage Reduction %,91,4,5.40E+19,54.00qu,x3,+0.2%,+0.8%,7,FALSE,2,FALSE,
Flat Increase to Borge Damage Reduction %,91,5,1.62E+20,162.00qu,x3,+0.2%,+1.0%,7,FALSE,2,FALSE,
Flat Increase to Borge Damage Reduction %,91,6,4.86E+20,486.00qu,x3,+0.2%,+1.2%,7,FALSE,2,FALSE,
Flat Increase to Borge Damage Reduction %,91,7,1.46E+21,1.46sx,x3,+0.2%,+1.4%,7,TRUE,2,FALSE,
Extra Ozzy Effect Chance,92,1,3.00E+18,3.00qu,x3,+0.2%,+0.2%,7,FALSE,0,FALSE,
Extra Ozzy Effect Chance,92,2,9.00E+18,9.00qu,x3,+0.2%,+0.4%,7,FALSE,0,FALSE,
Extra Ozzy Effect Chance,92,3,2.70E+19,27.00qu,x3,+0.2%,+0.6%,7,FALSE,0,FALSE,
Extra Ozzy Effect Chance,92,4,8.10E+19,81.00qu,x3,+0.2%,+0.8%,7,FALSE,0,FALSE,
Extra Ozzy Effect Chance,92,5,2.43E+20,243.00qu,x3,+0.2%,+1.0%,7,FALSE,0,FALSE,
Extra Ozzy Effect Chance,92,6,7.29E+20,729.00qu,x3,+0.2%,+1.2%,7,FALSE,0,FALSE,
Extra Ozzy Effect Chance,92,7,2.19E+21,2.19sx,x3,+0.2%,+1.4%,7,TRUE,0,FALSE,
All Gens Output,93,1,4.00E+18,4.00qu,x2,x1000,1.00E+03,10,FALSE,0,FALSE,
All Gens Output,93,2,8.00E+18,8.00qu,x2,x1000,1.00E+06,10,FALSE,0,FALSE,
All Gens Output,93,3,1.60E+19,16.00qu,x2,x1000,1.00E+09,10,FALSE,0,FALSE,
All Gens Output,93,4,3.20E+19,32.00qu,x2,x1000,1.00E+12,10,FALSE,0,FALSE,
All Gens Output,93,5,6.40E+19,64.00qu,x2,x1000,1.00E+15,10,FALSE,0,FALSE,
All Gens Output,93,6,1.28E+20,128.00qu,x2,x1000,1.00E+18,10,FALSE,0,FALSE,
All Gens Output,93,7,2.56E+20,256.00qu,x2,x1000,1.00E+21,10,FALSE,0,FALSE,
All Gens Output,93,8,5.12E+20,512.00qu,x2,x1000,1.00E+24,10,FALSE,0,FALSE,
All Gens Output,93,9,1.02E+21,1.02sx,x2,x1000,1.00E+27,10,FALSE,0,FALSE,
All Gens Output,93,10,2.05E+21,2.05sx,x2,x1000,1.00E+30,10,TRUE,0,FALSE,
Mod Points Gained,94,1,5.00E+18,5.00qu,x2,x100.0,x1.00E+02,10,FALSE,0,FALSE,
Mod Points Gained,94,2,1.00E+19,10.00qu,x2,x100.0,x1.00E+04,10,FALSE,0,FALSE,
Mod Points Gained,94,3,2.00E+19,20.00qu,x2,x100.0,x1.00E+06,10,FALSE,0,FALSE,
Mod Points Gained,94,4,4.00E+19,40.00qu,x2,x100.0,x1.00E+08,10,FALSE,0,FALSE,
Mod Points Gained,94,5,8.00E+19,80.00qu,x2,x100.0,x1.00E+10,10,FALSE,0,FALSE,
Mod Points Gained,94,6,1.60E+20,160.00qu,x2,x100.0,x1.00E+12,10,FALSE,0,FALSE,
Mod Points Gained,94,7,3.20E+20,320.00qu,x2,x100.0,x1.00E+14,10,FALSE,0,FALSE,
Mod Points Gained,94,8,6.40E+20,640.00qu,x2,x100.0,x1.00E+16,10,FALSE,0,FALSE,
Mod Points Gained,94,9,1.28E+21,1.28sx,x2,x100.0,x1.00E+18,10,FALSE,0,FALSE,
Mod Points Gained,94,10,2.56E+21,2.56sx,x2,x100.0,x1.00E+20,10,TRUE,0,FALSE,
Free Cradle Crew,95,1,1.00E+19,10.00qu,x1.2,+20,20,10,FALSE,0,FALSE,
Free Cradle Crew,95,2,1.20E+19,12.00qu,x1.2,+20,40,10,FALSE,0,FALSE,
Free Cradle Crew,95,3,1.44E+19,14.40qu,x1.2,+20,60,10,FALSE,0,FALSE,
Free Cradle Crew,95,4,1.72E+19,17.28qu,x1.2,+20,80,10,FALSE,0,FALSE,
Free Cradle Crew,95,5,2.07E+19,20.74qu,x1.2,+20,100,10,FALSE,0,FALSE,
Free Cradle Crew,95,6,2.48E+19,24.88qu,x1.2,+20,120,10,FALSE,0,FALSE,
Free Cradle Crew,95,7,2.98E+19,29.86qu,x1.2,+20,140,10,FALSE,0,FALSE,
Free Cradle Crew,95,8,3.58E+19,35.83qu,x1.2,+20,160,10,FALSE,0,FALSE,
Free Cradle Crew,95,9,4.30E+19,43.00qu,x1.2,+20,180,10,FALSE,0,FALSE,
Free Cradle Crew,95,10,5.16E+19,51.6qu,x1.2,+20,200,10,TRUE,0,FALSE,
Free Auxesia Crew,96,1,2.00E+19,20.00qu,x1.2,+20,20,10,FALSE,0,FALSE,
Free Auxesia Crew,96,2,2.40E+19,24.00qu,x1.2,+20,40,10,FALSE,0,FALSE,
Free Auxesia Crew,96,3,2.88E+19,28.80qu,x1.2,+20,60,10,FALSE,0,FALSE,
Free Auxesia Crew,96,4,3.45E+19,34.56qu,x1.2,+20,80,10,FALSE,0,FALSE,
Free Auxesia Crew,96,5,4.14E+19,41.47qu,x1.2,+20,100,10,FALSE,0,FALSE,
Free Auxesia Crew,96,6,4.97E+19,49.77qu,x1.2,+20,120,10,FALSE,0,FALSE,
Free Auxesia Crew,96,7,5.97E+19,59.72qu,x1.2,+20,140,10,FALSE,0,FALSE,
Free Auxesia Crew,96,8,7.16E+19,71.66qu,x1.2,+20,160,10,FALSE,0,FALSE,
Free Auxesia Crew,96,9,8.60E+19,86.00qu,x1.2,+20,180,10,FALSE,0,FALSE,
Free Auxesia Crew,96,10,1.03E+20,103.20qu,x1.2,+20,200,10,TRUE,0,FALSE,
Free Zagreus Crew,97,1,3.00E+19,30.00qu,x1.2,+20,20,10,FALSE,0,FALSE,
Free Zagreus Crew,97,2,3.60E+19,36.00qu,x1.2,+20,40,10,FALSE,0,FALSE,
Free Zagreus Crew,97,3,4.32E+19,43.20qu,x1.2,+20,60,10,FALSE,0,FALSE,
Free Zagreus Crew,97,4,5.18E+19,51.84qu,x1.2,+20,80,10,FALSE,0,FALSE,
Free Zagreus Crew,97,5,6.22E+19,62.21qu,x1.2,+20,100,10,FALSE,0,FALSE,
Free Zagreus Crew,97,6,7.47E+19,74.65qu,x1.2,+20,120,10,FALSE,0,FALSE,
Free Zagreus Crew,97,7,8.96E+19,89.58qu,x1.2,+20,140,10,FALSE,0,FALSE,
Free Zagreus Crew,97,8,1.08E+20,107.50qu,x1.2,+20,160,10,FALSE,0,FALSE,
Free Zagreus Crew,97,9,1.29E+20,129.00qu,x1.2,+20,180,10,FALSE,0,FALSE,
Free Zagreus Crew,97,10,1.55E+20,154.79qu,x1.2,+20,200,10,TRUE,0,FALSE,
Free Hephaestus Crew,98,1,4.00E+19,40.00qu,x1.2,+20,20,10,FALSE,0,FALSE,
Free Hephaestus Crew,98,2,4.80E+19,48.00qu,x1.2,+20,40,10,FALSE,0,FALSE,
Free Hephaestus Crew,98,3,5.76E+19,57.60qu,x1.2,+20,60,10,FALSE,0,FALSE,
Free Hephaestus Crew,98,4,6.91E+19,69.12qu,x1.2,+20,80,10,FALSE,0,FALSE,
Free Hephaestus Crew,98,5,8.29E+19,82.94qu,x1.2,+20,100,10,FALSE,0,FALSE,
Free Hephaestus Crew,98,6,9.95E+19,99.53qu,x1.2,+20,120,10,FALSE,0,FALSE,
Free Hephaestus Crew,98,7,1.19E+20,119.44qu,x1.2,+20,140,10,FALSE,0,FALSE,
Free Hephaestus Crew,98,8,1.43E+20,143.33qu,x1.2,+20,160,10,FALSE,0,FALSE,
Free Hephaestus Crew,98,9,1.72E+20,172.00qu,x1.2,+20,180,10,FALSE,0,FALSE,
Free Hephaestus Crew,98,10,2.06E+20,206.39qu,x1.2,+20,200,10,TRUE,0,FALSE,
Free Demeter Crew,99,1,5.00E+19,50.00qu,x1.2,+20,20,10,FALSE,0,FALSE,
Free Demeter Crew,99,2,6.00E+19,60.00qu,x1.2,+20,40,10,FALSE,0,FALSE,
Free Demeter Crew,99,3,7.20E+19,72.00qu,x1.2,+20,60,10,FALSE,0,FALSE,
Free Demeter Crew,99,4,8.64E+19,86.40qu,x1.2,+20,80,10,FALSE,0,FALSE,
Free Demeter Crew,99,5,1.04E+20,103.68qu,x1.2,+20,100,10,FALSE,0,FALSE,
Free Demeter Crew,99,6,1.24E+20,124.41qu,x1.2,+20,120,10,FALSE,0,FALSE,
Free Demeter Crew,99,7,1.49E+20,149.30qu,x1.2,+20,140,10,FALSE,0,FALSE,
Free Demeter Crew,99,8,1.79E+20,179.16qu,x1.2,+20,160,10,FALSE,0,FALSE,
Free Demeter Crew,99,9,2.15E+20,215.00qu,x1.2,+20,180,10,FALSE,0,FALSE,
Free Demeter Crew,99,10,2.58E+20,258.00qu,x1.2,+20,200,10,TRUE,0,FALSE,
Free Koios Crew,100,1,6.00E+19,60.00qu,x1.2,+20,20,10,FALSE,0,FALSE,
Free Koios Crew,100,2,7.20E+19,72.00qu,x1.2,+20,40,10,FALSE,0,FALSE,
Free Koios Crew,100,3,8.64E+19,86.40qu,x1.2,+20,60,10,FALSE,0,FALSE,
Free Koios Crew,100,4,1.04E+20,103.68qu,x1.2,+20,80,10,FALSE,0,FALSE,
Free Koios Crew,100,5,1.24E+20,124.42qu,x1.2,+20,100,10,FALSE,0,FALSE,
Free Koios Crew,100,6,1.49E+20,149.29qu,x1.2,+20,120,10,FALSE,0,FALSE,
Free Koios Crew,100,7,1.79E+20,179.18qu,x1.2,+20,140,10,FALSE,0,FALSE,
Free Koios Crew,100,8,2.15E+20,214.99qu,x1.2,+20,160,10,FALSE,0,FALSE,
Free Koios Crew,100,9,2.58E+20,258.00qu,x1.2,+20,180,10,FALSE,0,FALSE,
Free Koios Crew,100,10,3.10E+20,309.59qu,x1.2,+20,200,10,TRUE,0,FALSE,
Ouroboros Points Gained,101,1,1.00E+20,100.00qu,x4,x1.08,x1.08,8,FALSE,0,FALSE,
Ouroboros Points Gained,101,2,4.00E+20,400.00qu,x4,x1.08,x1.17,8,FALSE,0,FALSE,
Ouroboros Points Gained,101,3,1.60E+21,1.60sx,x4,x1.08,x1.26,8,FALSE,0,FALSE,
Ouroboros Points Gained,101,4,6.40E+21,6.40sx,x4,x1.08,x1.36,8,FALSE,0,FALSE,
Ouroboros Points Gained,101,5,2.56E+22,25.60sx,x4,x1.08,x1.47,8,FALSE,0,FALSE,
Ouroboros Points Gained,101,6,1.02E+23,102.40sx,x4,x1.08,x1.59,8,FALSE,0,FALSE,
Ouroboros Points Gained,101,7,4.10E+23,409.60sx,x4,x1.08,x1.71,8,FALSE,0,FALSE,
Ouroboros Points Gained,101,8,1.64E+24,1.64sp,x4,x1.08,x1.85,8,TRUE,0,FALSE,
Farm Fragments Gained,102,1,2.00E+20,200.00qu,x4,+0.003,+0.003,10,FALSE,0,FALSE,
Farm Fragments Gained,102,2,8.00E+20,800.00qu,x4,+0.003,+0.006,10,FALSE,0,FALSE,
Farm Fragments Gained,102,3,3.20E+21,3.20sx,x4,+0.003,+0.009,10,FALSE,0,FALSE,
Farm Fragments Gained,102,4,1.28E+22,12.80sx,x4,+0.003,+0.012,10,FALSE,0,FALSE,
Farm Fragments Gained,102,5,5.12E+22,51.20sx,x4,+0.003,+0.015,10,FALSE,0,FALSE,
Farm Fragments Gained,102,6,2.05E+23,204.80sx,x4,+0.003,+0.018,10,FALSE,0,FALSE,
Farm Fragments Gained,102,7,8.19E+23,819.20sx,x4,+0.003,+0.021,10,FALSE,0,FALSE,
Farm Fragments Gained,102,8,3.28E+24,3.27sp,x4,+0.003,+0.024,10,FALSE,0,FALSE,
Farm Fragments Gained,102,9,1.31E+25,13.10sp,x4,+0.003,+0.027,10,FALSE,0,FALSE,
Farm Fragments Gained,102,10,5.24E+25,52.42sp,x4,+0.003,+'0.030,10,TRUE,0,FALSE,
Loot Rewards in Battles (Borge),103,1,3.00E+20,300.00qu,x3,x1.08,x1.08,8,FALSE,1,FALSE,
Loot Rewards in Battles (Borge),103,2,9.00E+20,900.00qu,x3,x1.08,x1.17,8,FALSE,1,FALSE,
Loot Rewards in Battles (Borge),103,3,2.70E+21,2.70sx,x3,x1.08,x1.26,8,FALSE,1,FALSE,
Loot Rewards in Battles (Borge),103,4,8.10E+21,8.10sx,x3,x1.08,x1.36,8,FALSE,1,FALSE,
Loot Rewards in Battles (Borge),103,5,2.43E+22,24.30sx,x3,x1.08,x1.47,8,FALSE,1,FALSE,
Loot Rewards in Battles (Borge),103,6,7.29E+22,72.90sx,x3,x1.08,x1.59,8,FALSE,1,FALSE,
Loot Rewards in Battles (Borge),103,7,2.19E+23,218.70sx,x3,x1.08,x1.71,8,FALSE,1,FALSE,
Loot Rewards in Battles (Borge),103,8,6.56E+23,656.10sx,x3,x1.08,x1.85,8,TRUE,1,FALSE,
Loot Rewards in Battles (Ozzy),104,1,4.00E+20,400.00qu,x3,x1.08,x1.08,8,FALSE,0,FALSE,
Loot Rewards in Battles (Ozzy),104,2,1.20E+21,1.20sx,x3,x1.08,x1.17,8,FALSE,0,FALSE,
Loot Rewards in Battles (Ozzy),104,3,3.60E+21,3.60sx,x3,x1.08,x1.26,8,FALSE,0,FALSE,
Loot Rewards in Battles (Ozzy),104,4,1.08E+22,10.80sx,x3,x1.08,x1.36,8,FALSE,0,FALSE,
Loot Rewards in Battles (Ozzy),104,5,3.24E+22,32.40sx,x3,x1.08,x1.47,8,FALSE,0,FALSE,
Loot Rewards in Battles (Ozzy),104,6,9.72E+22,97.20sx,x3,x1.08,x1.59,8,FALSE,0,FALSE,
Loot Rewards in Battles (Ozzy),104,7,2.92E+23,291.60sx,x3,x1.08,x1.71,8,FALSE,0,FALSE,
Loot Rewards in Battles (Ozzy),104,8,8.75E+23,874.80sx,x3,x1.08,x1.85,8,TRUE,0,FALSE,
Loot Rewards in Battles (Knox),105,1,5.00E+20,500.00qu,x3,x1.08,x1.08,8,FALSE,0,FALSE,
Loot Rewards in Battles (Knox),105,2,1.50E+21,1.50sx,x3,x1.08,x1.17,8,FALSE,0,FALSE,
Loot Rewards in Battles (Knox),105,3,4.50E+21,4.50sx,x3,x1.08,x1.26,8,FALSE,0,FALSE,
Loot Rewards in Battles (Knox),105,4,1.35E+22,13.50sx,x3,x1.08,x1.36,8,FALSE,0,FALSE,
Loot Rewards in Battles (Knox),105,5,4.05E+22,40.50sx,x3,x1.08,x1.47,8,FALSE,0,FALSE,
Loot Rewards in Battles (Knox),105,6,1.22E+23,121.50sx,x3,x1.08,x1.59,8,FALSE,0,FALSE,
Loot Rewards in Battles (Knox),105,7,3.65E+23,364.50sx,x3,x1.08,x1.71,8,FALSE,0,FALSE,
Loot Rewards in Battles (Knox),105,8,1.09E+24,1.09sp,x3,x1.08,x1.85,8,TRUE,0,FALSE,
Personnel Mission Power (Mining Pods),106,1,6.00E+20,600.00qu,x3,+0.8,+0.8,10,FALSE,0,FALSE,
Personnel Mission Power (Mining Pods),106,2,1.80E+21,1.80sx,x3,+0.8,+1.6,10,FALSE,0,FALSE,
Personnel Mission Power (Mining Pods),106,3,5.40E+21,5.40sx,x3,+0.8,+2.4,10,FALSE,0,FALSE,
Personnel Mission Power (Mining Pods),106,4,1.62E+22,16.20sx,x3,+0.8,+3.2,10,FALSE,0,FALSE,
Personnel Mission Power (Mining Pods),106,5,4.86E+22,48.60sx,x3,+0.8,+4.0,10,FALSE,0,FALSE,
Personnel Mission Power (Mining Pods),106,6,1.46E+23,145.80sx,x3,+0.8,+4.8,10,FALSE,0,FALSE,
Personnel Mission Power (Mining Pods),106,7,4.37E+23,437.40sx,x3,+0.8,+5.6,10,FALSE,0,FALSE,
Personnel Mission Power (Mining Pods),106,8,1.31E+24,1.31sp,x3,+0.8,+6.4,10,FALSE,0,FALSE,
Personnel Mission Power (Mining Pods),106,9,3.94E+24,3.94sp,x3,+0.8,+7.2,10,FALSE,0,FALSE,
Personnel Mission Power (Mining Pods),106,10,1.18E+25,11.81sp,x3,+0.8,+8.0,10,TRUE,0,FALSE,
Personnel Mission Power (Fireteam Carrier),107,1,7.00E+20,700.00qu,x3,+1.2,+1.2,10,FALSE,0,FALSE,
Personnel Mission Power (Fireteam Carrier),107,2,2.10E+21,2.10sx,x3,+1.2,+2.4,10,FALSE,0,FALSE,
Personnel Mission Power (Fireteam Carrier),107,3,6.30E+21,6.30sx,x3,+1.2,+3.6,10,FALSE,0,FALSE,
Personnel Mission Power (Fireteam Carrier),107,4,1.89E+22,18.90sx,x3,+1.2,+4.8,10,FALSE,0,FALSE,
Personnel Mission Power (Fireteam Carrier),107,5,5.67E+22,56.70sx,x3,+1.2,+6.0,10,FALSE,0,FALSE,
Personnel Mission Power (Fireteam Carrier),107,6,1.70E+23,170.10sx,x3,+1.2,+7.2,10,FALSE,0,FALSE,
Personnel Mission Power (Fireteam Carrier),107,7,5.10E+23,510.30sx,x3,+1.2,+8.4,10,FALSE,0,FALSE,
Personnel Mission Power (Fireteam Carrier),107,8,1.53E+24,1.53sp,x3,+1.2,+9.6,10,FALSE,0,FALSE,
Personnel Mission Power (Fireteam Carrier),107,9,4.59E+24,4.59sp,x3,+1.2,+10.8,10,FALSE,0,FALSE,
Personnel Mission Power (Fireteam Carrier),107,10,1.38E+25,13.78sp,x3,+1.2,+12,10,TRUE,0,FALSE,
Personnel Mission Power (Titan Hauler),108,1,8.00E+20,800.00qu,x3,+1.6,+1.6,10,FALSE,0,FALSE,
Personnel Mission Power (Titan Hauler),108,2,2.40E+21,2.40sx,x3,+1.6,+3.2,10,FALSE,0,FALSE,
Personnel Mission Power (Titan Hauler),108,3,7.20E+21,7.20sx,x3,+1.6,+4.8,10,FALSE,0,FALSE,
Personnel Mission Power (Titan Hauler),108,4,2.16E+22,21.60sx,x3,+1.6,+6.4,10,FALSE,0,FALSE,
Personnel Mission Power (Titan Hauler),108,5,6.48E+22,64.80sx,x3,+1.6,+8.0,10,FALSE,0,FALSE,
Personnel Mission Power (Titan Hauler),108,6,1.94E+23,194.40sx,x3,+1.6,+9.6,10,FALSE,0,FALSE,
Personnel Mission Power (Titan Hauler),108,7,5.83E+23,583.20sx,x3,+1.6,+11.2,10,FALSE,0,FALSE,
Personnel Mission Power (Titan Hauler),108,8,1.75E+24,1.75sp,x3,+1.6,+12.8,10,FALSE,0,FALSE,
Personnel Mission Power (Titan Hauler),108,9,5.25E+24,5.25sp,x3,+1.6,+14.4,10,FALSE,0,FALSE,
Personnel Mission Power (Titan Hauler),108,10,1.57E+25,15.75.sp,x3,+1.6,+16,10,TRUE,0,FALSE,
Personnel Mission Power (Corvette),109,1,9.00E+20,900.00qu,x3,+2.0,+2,10,FALSE,0,FALSE,
Personnel Mission Power (Corvette),109,2,2.70E+21,2.70sx,x3,+2.0,+4,10,FALSE,0,FALSE,
Personnel Mission Power (Corvette),109,3,8.10E+21,8.10sx,x3,+2.0,+6,10,FALSE,0,FALSE,
Personnel Mission Power (Corvette),109,4,2.43E+22,24.30sx,x3,+2.0,+8,10,FALSE,0,FALSE,
Personnel Mission Power (Corvette),109,5,7.29E+22,72.90sx,x3,+2.0,+10,10,FALSE,0,FALSE,
Personnel Mission Power (Corvette),109,6,2.19E+23,218.70sx,x3,+2.0,+12,10,FALSE,0,FALSE,
Personnel Mission Power (Corvette),109,7,6.56E+23,656.10sx,x3,+2.0,+14,10,FALSE,0,FALSE,
Personnel Mission Power (Corvette),109,8,1.97E+24,1.97sp,x3,+2.0,+16,10,FALSE,0,FALSE,
Personnel Mission Power (Corvette),109,9,5.90E+24,5.90sp,x3,+2.0,+18,10,FALSE,0,FALSE,
Personnel Mission Power (Corvette),109,10,1.77E+25,17.71sp,x3,+2.0,+20,10,TRUE,0,FALSE,
All Fragments Gained,110,1,1.00E+21,1.00sx,x10,x1.04,x1.04,10,FALSE,0,FALSE,
All Fragments Gained,110,2,1.00E+22,10.00sx,x10,x1.04,x1.08,10,FALSE,0,FALSE,
All Fragments Gained,110,3,1.00E+23,100.00sx,x10,x1.04,x1.12,10,FALSE,0,FALSE,
All Fragments Gained,110,4,1.00E+24,1.00sp,x10,x1.04,x1.17,10,FALSE,0,FALSE,
All Fragments Gained,110,5,1.00E+25,10.00sp,x10,x1.04,x1.22,10,FALSE,0,FALSE,
All Fragments Gained,110,6,1.00E+26,100.00sp,x10,x1.04,x1.27,10,FALSE,0,FALSE,
All Fragments Gained,110,7,1.00E+27,1.00o,x10,x1.04,x1.32,10,FALSE,0,FALSE,
All Fragments Gained,110,8,1.00E+28,10.00o,x10,x1.04,x1.37,10,FALSE,0,FALSE,
All Fragments Gained,110,9,1.00E+29,100.00o,x10,x1.04,x1.42,10,FALSE,0,FALSE,
All Fragments Gained,110,10,1.00E+30,1.00n,x10,x1.04,x1.48,10,TRUE,0,FALSE,