milestones,category,spheres,floating,always,description
2/0/0,short,"1,2,4",,,
2/0/0,long,"1,5",,,
2/1/0,short,"1,2,3,4",,,
2/1/0,long,"1,2,5",,,
3/1/0 | 2/1/1,short,"1,2,4,8",,,
3/1/0 | 2/1/1,long,"1,2,4,5",,,
3/1/1,short,"1,2,7",,,
3/1/1,long,"1,2,7",,,
3/2/1,short,"1,2,4,7",,,
3/2/1,long,"1,5,7",,,
3/2/2 | 4/2/1,short,"1,2,3,4,7",,,
3/2/2 | 4/2/1,long,"1,4,5,7",,,
4/2/2,short,"1,2,4,7,8",,,
4/2/2,long,"1,2,4,5,7",,,
5/2/2 | 4/2/3,short,"1,2,7,12",,,
5/2/2 | 4/2/3,long,"1,5,7",9,,
5/2/3 | 4/3/3,short,"1,2,4,7,12",,,
5/2/3 | 4/3/3,long,"1,5,7,9",,,
5/3/3,short,"1,2,3,4,7,12",,,
5/3/3,long,"1,4,5,7,9",,,
5/3/4,short,"1,2,4,7,8,12",,,
5/3/4,long,"1,2,4,5,7,9",,,
5/3/4,long,"1,5,7",12,,
6/3/4,short,"1,2,4,7,9,12",,,
6/3/4,long,"1,5,7,9,12",,,
6/4/4,short,"1,2,3,4,7,9,12",,,
6/4/4,long,"1,4,5,7,9,12",,,
7/4/4 | 6/4/5,short,"1,2,4,7,9,8,12",,"1,2,4,7,9",
7/4/4 | 6/4/5,long,"2,12",,"1,4,5,7,9",
7/4/5,short,"3,8,12",,"1,2,4,7,9",
7/4/5,long,"8,12",,"1,4,5,7,9",
8/4/5 | 7/5/5,short,"3,12,16",,"1,2,4,7,9",
8/4/5 | 7/5/5 | 8/5/5 | 8/5/6 | 9/5/5,long,"2,6,12","11,3","1,4,5,7,9","first take TS#11, then TS#3"
8/5/5,short,"8,14",,"1,2,4,7,9",
8/5/6 | 9/5/5,short,"6,11,12",,"1,2,4,7,9",
8/6/6 | 9/5/6,short,"3,6,11,12",,"1,2,4,7,9",
8/6/6 | 9/5/6 | 9/6/6,long,"2,8,14",12,"1,4,5,7,9",
9/6/6,short,"6,8,11,12",,"1,2,4,7,9",
10/6/6 | 9/6/7,short,"8,12,14",,"1,2,4,7,9",
10/6/6 | 9/6/7,long,"2,3,6,11,12",,"1,4,5,7,9",
10/6/7 | 9/7/7,short,"3,8,12,14",,"1,2,4,7,9",
10/6/7 | 9/7/7,long,"8,12,14",,"1,4,5,7,9",
10/7/7,short,"3,8,12,14",,"1,2,4,7,9",
10/7/7,long,"2,8,12,14",,"1,4,5,7,9",
11/7/7 | 10/7/8,short,"3,6,8,11,14",,"1,2,4,7,9",
11/7/7 | 10/7/8,long,"2,3,8,12,14",,"1,4,5,7,9",
11/7/8,short,"3,8,12,14,16",,"1,2,4,7,9",
11/7/8 | 12/8/7 | 11/8/8,long,"2, 6, 8, 11, 14",12,"1,4,5,7,9",
12/8/7 | 11/8/8,short,"1,2,4,5,7,8,9,12,14,16",,,
12/8/8,short,"1,2,3,4,5,7,8,9,12,14,16",,,
13/8/8,long,"2, 6, 8, 11, 12, 14",3,,
13/9/8,short,"1,2,4,6,7,8,9,11,12,14,16",,,
13/9/8,long,"1,2,3,4,5,6,7,8,9,12,14,16",,,
14/9/8,short,"1,2,3,4,6,7,8,9,11,12,14,16",,,
14/9/9,long,"1,2,4,5,6,7,8,9,11,12,14,16",3,,
14/9/9,short/long,"1,2,4,5,6,7,8,9,11,12,14,16",3,,
15/10/9,short/long,"1,2,4,5,6,7,8,9,11,12,14,15",3,,
15/10/10,short/long,"1,2,3,4,5,6,7,8,9,11,12,14,15",,,
16/11/10,short/long,"1,2,4,5,6,7,8,9,11,12,14,15,16",3,,
17/11/10,short/long,"1,2,3,4,5,6,7,8,9,11,12,14,15,16",,,
19/13/12,short/long,"1,2,4,5,6,7,8,9,11,12,14,16,19",3,,
,short/long,"1,2,3,4,5,6,7,8,9,11,12,14,16,19",,,
,short/long,"1,2,4,5,6,7,8,9,11,12,14,15,16,19",,,
,short/long,"1,2,3,4,5,6,7,8,9,11,12,14,15,16,19",,,